2026-07-04 18:05:25,dynamic,task-0140-map-1,RNN,FAILED,0.0,0.0,12552.5045,1,1,0,9.664533
timestamp,scheduler_mode,task_id,model_type,status,execution_time,cost,delay,active_od,active_spot_a,active_spot_b,virtual_budget
2026-07-04 18:05:25,dynamic,task-0286,LSTM,FAILED,0.0,0.0,11982.4001,1,1,0,9.664533
2026-07-04 18:05:26,dynamic,task-0087,RNN,FAILED,0.0,0.0,12784.7339,1,2,0,9.664214
2026-07-04 18:05:26,dynamic,task-0286,LSTM,FAILED,0.0,0.0,11983.4127,1,2,0,9.664214
2026-07-04 18:05:26,dynamic,task-0140-map-1,RNN,FAILED,0.0,0.0,12553.516,1,2,0,9.664214
2026-07-04 18:05:28,dynamic,task-0087,RNN,FAILED,0.0,0.0,12787.592,1,3,0,9.663894
2026-07-04 18:05:28,dynamic,task-0140-map-1,RNN,FAILED,0.0,0.0,12556.3752,1,3,0,9.663894
2026-07-04 18:05:28,dynamic,task-0286,LSTM,FAILED,0.0,0.0,11986.2705,1,3,0,9.663894
2026-07-04 18:05:28,dynamic,task-0025,LSTM,FAILED,0.0,0.0,12944.1981,1,3,0,9.663894
2026-07-04 18:05:29,dynamic,task-0025,LSTM,FAILED,0.0,0.0,12945.1756,1,3,0,9.663514
2026-07-04 18:05:29,dynamic,task-0140-map-1,RNN,FAILED,0.0,0.0,12557.3654,1,3,0,9.663514
2026-07-04 18:05:29,dynamic,task-0087,RNN,FAILED,0.0,0.0,12788.6031,1,3,0,9.663514
2026-07-04 18:05:29,dynamic,task-0286,LSTM,FAILED,0.0,0.0,11987.2806,1,3,0,9.663514
2026-07-04 18:05:30,dynamic,task-0087,RNN,FAILED,0.0,0.0,12789.5964,1,3,0,9.663133
2026-07-04 18:05:30,dynamic,task-0286,LSTM,FAILED,0.0,0.0,11988.2732,1,3,0,9.663133
2026-07-04 18:05:30,dynamic,task-0140-map-1,RNN,FAILED,0.0,0.0,12558.3765,1,3,0,9.663133
2026-07-04 18:05:30,dynamic,task-0025,LSTM,FAILED,0.0,0.0,12946.1987,1,3,0,9.663133
2026-07-04 18:05:31,dynamic,task-0140-map-1,RNN,FAILED,0.0,0.0,12559.3846,1,4,0,9.662692
2026-07-04 18:05:31,dynamic,task-0025,LSTM,FAILED,0.0,0.0,12947.2127,1,4,0,9.662692
2026-07-04 18:05:31,dynamic,task-0286,LSTM,FAILED,0.0,0.0,11989.2934,1,4,0,9.662692
2026-07-04 18:05:31,dynamic,task-0087,RNN,FAILED,0.0,0.0,12790.6351,1,4,0,9.662692
2026-07-04 18:05:31,dynamic,task-0294,LSTM,FAILED,0.0,0.0,11955.2217,1,4,0,9.662692
2026-07-04 18:05:32,dynamic,task-0140-map-1,RNN,FAILED,0.0,0.0,12560.385,1,4,0,9.66225
2026-07-04 18:05:32,dynamic,task-0087,RNN,FAILED,0.0,0.0,12791.6258,1,4,0,9.66225
2026-07-04 18:05:33,dynamic,task-0286,LSTM,FAILED,0.0,0.0,11990.3283,1,4,0,9.66225
2026-07-04 18:05:33,dynamic,task-0025,LSTM,FAILED,0.0,0.0,12948.256,1,4,0,9.66225
2026-07-04 18:05:33,dynamic,task-0286,LSTM,FAILED,0.0,0.0,11991.3371,1,4,0,9.661808
2026-07-04 18:05:33,dynamic,task-0025,LSTM,FAILED,0.0,0.0,12949.2421,1,4,0,9.661808
2026-07-04 18:05:34,dynamic,task-0025,LSTM,FAILED,0.0,0.0,12950.2398,1,3,0,9.661428
2026-07-04 18:05:36,dynamic,task-0025,LSTM,FAILED,0.0,0.0,12952.0837,1,1,0,9.661108
2026-07-04 18:05:40,dynamic,task-0286,LSTM,FAILED,0.0,0.0,11997.4355,1,2,0,9.66085
2026-07-04 18:05:40,dynamic,task-0025,LSTM,FAILED,0.0,0.0,12955.3576,1,2,0,9.66085
2026-07-04 18:05:42,dynamic,task-0294,LSTM,FAILED,12035.5703,0.735507,11965.5908,1,2,0,9.66085
2026-07-04 18:05:43,dynamic,task-0025,LSTM,FAILED,0.0,0.0,12958.4481,1,2,0,9.660531
2026-07-04 18:05:47,dynamic,task-0294-map-1,LSTM,FAILED,0.0,0.0,0.0,1,5,0,9.66015
2026-07-04 18:05:47,dynamic,task-0286,LSTM,FAILED,0.0,0.0,12004.6507,1,5,0,9.66015
2026-07-04 18:05:47,dynamic,task-0025,LSTM,FAILED,0.0,0.0,12962.5567,1,5,0,9.66015
2026-07-04 18:05:48,dynamic,task-0286,LSTM,FAILED,0.0,0.0,12005.6377,1,5,0,9.659647
2026-07-04 18:05:48,dynamic,task-0025,LSTM,FAILED,0.0,0.0,12963.5589,1,5,0,9.659647
2026-07-04 18:05:48,dynamic,task-0087,RNN,FAILED,0.0,0.0,12806.9804,1,5,0,9.659647
2026-07-04 18:05:48,dynamic,task-0294-map-1,LSTM,FAILED,0.0,0.0,0.0,1,5,0,9.659647
2026-07-04 18:05:48,dynamic,task-0294,LSTM,SUCCESS,5.6873,0.000348,11972.1103,1,5,0,9.659647
2026-07-04 18:05:49,dynamic,task-0294-map-1,LSTM,FAILED,0.0,0.0,0.0,1,5,0,9.659144
2026-07-04 18:05:49,dynamic,task-0025,LSTM,FAILED,0.0,0.0,12964.5958,1,5,0,9.659144
2026-07-04 18:05:49,dynamic,task-0140-map-1,RNN,FAILED,0.0,0.0,12576.7725,1,5,0,9.659144
2026-07-04 18:05:49,dynamic,task-0295,RNN,FAILED,0.0,0.0,11946.617,1,5,0,9.659144
2026-07-04 18:05:49,dynamic,task-0087,RNN,FAILED,0.0,0.0,12807.9963,1,5,0,9.659144
2026-07-04 18:05:49,dynamic,task-0286,LSTM,FAILED,0.0,0.0,12006.6991,1,5,0,9.659144
2026-07-04 18:05:50,dynamic,task-0286,LSTM,FAILED,0.0,0.0,12007.684,1,5,0,9.658642
2026-07-04 18:05:50,dynamic,task-0140-map-1,RNN,FAILED,0.0,0.0,12577.8086,1,4,0,9.658642
2026-07-04 18:05:50,dynamic,task-0087,RNN,FAILED,0.0,0.0,12809.0544,1,4,0,9.658642
2026-07-04 18:05:50,dynamic,task-0025,LSTM,FAILED,0.0,0.0,12965.6764,1,4,0,9.658642
2026-07-04 18:05:50,dynamic,task-0294-map-1,LSTM,FAILED,0.0,0.0,0.0,1,4,0,9.658642
2026-07-04 18:05:50,dynamic,task-0087,RNN,FAILED,0.0,0.0,12809.1695,1,4,0,9.658642
2026-07-04 18:05:50,dynamic,task-0286,LSTM,FAILED,0.0,0.0,12007.8182,1,4,0,9.658642
2026-07-04 18:05:50,dynamic,task-0140-map-1,RNN,FAILED,0.0,0.0,12577.9922,1,4,0,9.658642
2026-07-04 18:05:50,dynamic,task-0025,LSTM,FAILED,0.0,0.0,12965.8302,1,4,0,9.658642
2026-07-04 18:05:50,dynamic,task-0286,LSTM,FAILED,0.0,0.0,12007.9493,1,4,0,9.658642
2026-07-04 18:05:50,dynamic,task-0087,RNN,FAILED,0.0,0.0,12809.2957,1,4,0,9.658642
2026-07-04 18:05:55,dynamic,task-0295,RNN,FAILED,12048.2874,0.736284,11952.3022,1,2,0,9.6582
2026-07-04 18:05:56,dynamic,task-0087,RNN,FAILED,0.0,0.0,12814.9944,1,2,0,9.6582
2026-07-04 18:05:58,dynamic,task-0087,RNN,FAILED,0.0,0.0,12816.7391,1,2,0,9.657881
2026-07-04 18:05:59,dynamic,task-0087,RNN,FAILED,0.0,0.0,12817.7389,1,2,0,9.657561
2026-07-04 18:06:00,dynamic,task-0286,LSTM,FAILED,0.0,0.0,12017.9709,1,3,0,9.657242
2026-07-04 18:06:00,dynamic,task-0025,LSTM,FAILED,0.0,0.0,12975.879,1,3,0,9.657242
2026-07-04 18:06:00,dynamic,task-0087,RNN,FAILED,0.0,0.0,12819.2886,1,3,0,9.657242
2026-07-04 18:06:00,dynamic,task-0295,RNN,SUCCESS,4.6666,0.000285,11958.2161,1,3,0,9.657242
2026-07-04 18:06:01,dynamic,task-0286,LSTM,FAILED,0.0,0.0,12018.968,1,3,0,9.656861
2026-07-04 18:06:01,dynamic,task-0087,RNN,FAILED,0.0,0.0,12820.3028,1,3,0,9.656861
2026-07-04 18:06:01,dynamic,task-0140-map-1,RNN,FAILED,0.0,0.0,12589.0838,1,3,0,9.656861
2026-07-04 18:06:01,dynamic,task-0025,LSTM,FAILED,0.0,0.0,12976.8929,1,3,0,9.656861
2026-07-04 18:06:02,dynamic,task-0140-map-1,RNN,FAILED,0.0,0.0,12590.068,1,2,0,9.656542
2026-07-04 18:06:02,dynamic,task-0087,RNN,FAILED,0.0,0.0,12821.3065,1,2,0,9.656542
2026-07-04 18:06:02,dynamic,task-0025,LSTM,FAILED,0.0,0.0,12977.897,1,2,0,9.656542
2026-07-04 18:06:03,dynamic,task-0140-map-1,RNN,FAILED,0.0,0.0,12591.0825,1,3,0,9.656161
2026-07-04 18:06:03,dynamic,task-0025,LSTM,FAILED,0.0,0.0,12978.9044,1,3,0,9.656161
2026-07-04 18:06:03,dynamic,task-0286,LSTM,FAILED,0.0,0.0,12020.9991,1,3,0,9.656161
2026-07-04 18:06:03,dynamic,task-0087,RNN,FAILED,0.0,0.0,12822.3359,1,3,0,9.656161
2026-07-04 18:06:04,dynamic,task-0286,LSTM,FAILED,0.0,0.0,12021.9938,1,3,0,9.655781
2026-07-04 18:06:04,dynamic,task-0087,RNN,FAILED,0.0,0.0,12823.3152,1,3,0,9.655781
2026-07-04 18:06:04,dynamic,task-0140-map-1,RNN,FAILED,0.0,0.0,12592.0997,1,3,0,9.655781
2026-07-04 18:06:04,dynamic,task-0025,LSTM,FAILED,0.0,0.0,12979.9223,1,3,0,9.655781
2026-07-04 18:06:05,dynamic,task-0140-map-1,RNN,FAILED,0.0,0.0,12593.0948,1,3,0,9.6554
2026-07-04 18:06:05,dynamic,task-0025,LSTM,FAILED,0.0,0.0,12980.9196,1,3,0,9.6554
2026-07-04 18:06:05,dynamic,task-0087,RNN,FAILED,0.0,0.0,12824.344,1,3,0,9.6554
2026-07-04 18:06:05,dynamic,task-0286,LSTM,FAILED,0.0,0.0,12023.0259,1,3,0,9.6554
2026-07-04 18:06:06,dynamic,task-0286,LSTM,FAILED,0.0,0.0,12024.0044,1,3,0,9.655019
2026-07-04 18:06:06,dynamic,task-0140-map-1,RNN,FAILED,0.0,0.0,12594.1175,1,3,0,9.655019
2026-07-04 18:06:06,dynamic,task-0087,RNN,FAILED,0.0,0.0,12825.3403,1,3,0,9.655019
2026-07-04 18:06:06,dynamic,task-0025,LSTM,FAILED,0.0,0.0,12981.9395,1,3,0,9.655019
2026-07-04 18:06:07,dynamic,task-0087,RNN,FAILED,0.0,0.0,12826.3316,1,3,0,9.654639
2026-07-04 18:06:07,dynamic,task-0025,LSTM,FAILED,0.0,0.0,12982.9215,1,3,0,9.654639
2026-07-04 18:06:07,dynamic,task-0140-map-1,RNN,FAILED,0.0,0.0,12595.1114,1,3,0,9.654639
2026-07-04 18:06:07,dynamic,task-0286,LSTM,FAILED,0.0,0.0,12025.0193,1,3,0,9.654639
2026-07-04 18:06:08,dynamic,task-0286,LSTM,FAILED,0.0,0.0,12026.0109,1,3,0,9.654258
2026-07-04 18:06:08,dynamic,task-0087,RNN,FAILED,0.0,0.0,12827.3536,1,3,0,9.654258
2026-07-04 18:06:08,dynamic,task-0025,LSTM,FAILED,0.0,0.0,12983.9313,1,3,0,9.654258
2026-07-04 18:06:08,dynamic,task-0140-map-1,RNN,FAILED,0.0,0.0,12596.1294,1,3,0,9.654258
2026-07-04 18:06:09,dynamic,task-0140-map-1,RNN,FAILED,0.0,0.0,12597.1294,1,3,0,9.653878
2026-07-04 18:06:09,dynamic,task-0286,LSTM,FAILED,0.0,0.0,12027.048,1,3,0,9.653878
2026-07-04 18:06:09,dynamic,task-0087,RNN,FAILED,0.0,0.0,12828.3856,1,3,0,9.653878
2026-07-04 18:06:09,dynamic,task-0025,LSTM,FAILED,0.0,0.0,12984.9538,1,3,0,9.653878
2026-07-04 18:06:10,dynamic,task-0286,LSTM,FAILED,0.0,0.0,12028.0505,1,3,0,9.653497
2026-07-04 18:06:10,dynamic,task-0140-map-1,RNN,FAILED,0.0,0.0,12598.1643,1,3,0,9.653497
2026-07-04 18:06:10,dynamic,task-0087,RNN,FAILED,0.0,0.0,12829.3866,1,3,0,9.653497
2026-07-04 18:06:10,dynamic,task-0025,LSTM,FAILED,0.0,0.0,12985.9542,1,3,0,9.653497
2026-07-04 18:06:21,dynamic,task-0025,LSTM,FAILED,0.0,0.0,12997.193,1,0,0,9.653117
2026-07-04 18:06:24,dynamic,task-0025,LSTM,FAILED,0.0,0.0,12999.2569,1,1,0,9.652919
2026-07-04 18:06:24,dynamic,task-0087,RNN,FAILED,0.0,0.0,12842.679,1,1,0,9.652919
2026-07-04 18:06:26,dynamic,task-0286,LSTM,FAILED,0.0,0.0,12043.4495,1,2,0,9.652661
2026-07-04 18:06:26,dynamic,task-0025,LSTM,FAILED,0.0,0.0,13001.3573,1,2,0,9.652661
2026-07-04 18:06:26,dynamic,task-0087,RNN,FAILED,0.0,0.0,12844.7837,1,2,0,9.652661
2026-07-04 18:06:27,dynamic,task-0286,LSTM,FAILED,0.0,0.0,12044.4504,1,3,0,9.652281
2026-07-04 18:06:27,dynamic,task-0025,LSTM,FAILED,0.0,0.0,13002.3686,1,3,0,9.652281
2026-07-04 18:06:27,dynamic,task-0087,RNN,FAILED,0.0,0.0,12845.7892,1,3,0,9.652281
2026-07-04 18:06:27,dynamic,task-0140-map-1,RNN,FAILED,0.0,0.0,12614.5652,1,3,0,9.652281
2026-07-04 18:06:28,dynamic,task-0140-map-1,RNN,FAILED,0.0,0.0,12615.5509,1,4,0,9.651839
2026-07-04 18:06:28,dynamic,task-0087,RNN,FAILED,0.0,0.0,12846.7886,1,4,0,9.651839
2026-07-04 18:06:28,dynamic,task-0294-map-1,LSTM,FAILED,0.0,0.0,0.0,1,4,0,9.651839
2026-07-04 18:06:28,dynamic,task-0286,LSTM,FAILED,0.0,0.0,12045.47,1,4,0,9.651839
2026-07-04 18:06:28,dynamic,task-0025,LSTM,FAILED,0.0,0.0,13003.3896,1,4,0,9.651839
2026-07-04 18:06:29,dynamic,task-0294-map-1,LSTM,FAILED,0.0,0.0,0.0,1,5,0,9.651336
2026-07-04 18:06:29,dynamic,task-0025,LSTM,FAILED,0.0,0.0,13004.3809,1,5,0,9.651336
2026-07-04 18:06:29,dynamic,task-0087,RNN,FAILED,0.0,0.0,12847.807,1,5,0,9.651336
2026-07-04 18:06:29,dynamic,task-0286,LSTM,FAILED,0.0,0.0,12046.4731,1,5,0,9.651336
2026-07-04 18:06:29,dynamic,task-0296,RNN,FAILED,0.0,0.0,11993.9882,1,5,0,9.651336
2026-07-04 18:06:29,dynamic,task-0140-map-1,RNN,FAILED,0.0,0.0,12616.5826,1,5,0,9.651336
2026-07-04 18:06:30,dynamic,task-0140-map-1,RNN,FAILED,0.0,0.0,12617.5955,1,5,0,9.650833
2026-07-04 18:06:30,dynamic,task-0087,RNN,FAILED,0.0,0.0,12848.8395,1,5,0,9.650833
2026-07-04 18:06:30,dynamic,task-0286,LSTM,FAILED,0.0,0.0,12047.5199,1,5,0,9.650833
2026-07-04 18:06:31,dynamic,task-0140-map-1,RNN,FAILED,0.0,0.0,12618.6139,1,5,0,9.650331
2026-07-04 18:06:31,dynamic,task-0286,LSTM,FAILED,0.0,0.0,12048.5057,1,5,0,9.650331
2026-07-04 18:06:31,dynamic,task-0087,RNN,FAILED,0.0,0.0,12849.8542,1,5,0,9.650331
2026-07-04 18:06:32,dynamic,task-0087,RNN,FAILED,0.0,0.0,12850.8528,1,5,0,9.649828
2026-07-04 18:06:32,dynamic,task-0286,LSTM,FAILED,0.0,0.0,12049.5141,1,5,0,9.649828
2026-07-04 18:06:32,dynamic,task-0140-map-1,RNN,FAILED,0.0,0.0,12619.6327,1,5,0,9.649828
2026-07-04 18:06:32,dynamic,task-0025,LSTM,FAILED,0.0,0.0,13007.458,1,5,0,9.649828
2026-07-04 18:07:06,dynamic,task-0025,LSTM,FAILED,0.0,0.0,13041.336,1,0,0,9.649828
2026-07-04 18:07:08,dynamic,task-0286,LSTM,FAILED,0.0,0.0,12085.6379,1,2,0,9.649631
2026-07-04 18:07:08,dynamic,task-0140-map-1,RNN,FAILED,0.0,0.0,12655.7479,1,2,0,9.649631
2026-07-04 18:07:08,dynamic,task-0025,LSTM,FAILED,0.0,0.0,13043.5568,1,2,0,9.649631
2026-07-04 18:07:09,dynamic,task-0140-map-1,RNN,FAILED,0.0,0.0,12656.7592,1,2,0,9.649311
2026-07-04 18:07:09,dynamic,task-0286,LSTM,FAILED,0.0,0.0,12086.6561,1,2,0,9.649311
2026-07-04 18:07:09,dynamic,task-0025,LSTM,FAILED,0.0,0.0,13044.5645,1,2,0,9.649311
2026-07-04 18:07:11,dynamic,task-0286,LSTM,FAILED,0.0,0.0,12088.9142,1,3,0,9.648992
2026-07-04 18:07:11,dynamic,task-0025,LSTM,FAILED,0.0,0.0,13046.8467,1,3,0,9.648992
2026-07-04 18:07:11,dynamic,task-0140-map-1,RNN,FAILED,0.0,0.0,12659.0401,1,3,0,9.648992
2026-07-04 18:07:11,dynamic,task-0087,RNN,FAILED,0.0,0.0,12890.2787,1,3,0,9.648992
2026-07-04 18:07:12,dynamic,task-0140-map-1,RNN,FAILED,0.0,0.0,12660.0139,1,3,0,9.648611
2026-07-04 18:07:12,dynamic,task-0286,LSTM,FAILED,0.0,0.0,12089.9279,1,3,0,9.648611
2026-07-04 18:07:12,dynamic,task-0087,RNN,FAILED,0.0,0.0,12891.2506,1,3,0,9.648611
2026-07-04 18:07:12,dynamic,task-0025,LSTM,FAILED,0.0,0.0,13047.8471,1,3,0,9.648611
2026-07-04 18:07:13,dynamic,task-0025,LSTM,FAILED,0.0,0.0,13048.866,1,3,0,9.648231
2026-07-04 18:07:13,dynamic,task-0087,RNN,FAILED,0.0,0.0,12892.3017,1,3,0,9.648231
2026-07-04 18:07:13,dynamic,task-0286,LSTM,FAILED,0.0,0.0,12090.9637,1,3,0,9.648231
2026-07-04 18:07:13,dynamic,task-0140-map-1,RNN,FAILED,0.0,0.0,12661.0812,1,3,0,9.648231
2026-07-04 18:07:14,dynamic,task-0087,RNN,FAILED,0.0,0.0,12893.2852,1,4,0,9.647789
2026-07-04 18:07:14,dynamic,task-0025,LSTM,FAILED,0.0,0.0,13049.8781,1,4,0,9.647789
2026-07-04 18:07:14,dynamic,task-0140-map-1,RNN,FAILED,0.0,0.0,12662.0717,1,4,0,9.647789
2026-07-04 18:07:14,dynamic,task-0286,LSTM,FAILED,0.0,0.0,12091.9814,1,4,0,9.647789
2026-07-04 18:07:14,dynamic,task-0294-map-1,LSTM,FAILED,0.0,0.0,45.4697,1,4,0,9.647789
2026-07-04 18:07:16,dynamic,task-0286,LSTM,FAILED,0.0,0.0,12093.5026,1,4,0,9.647347
2026-07-04 18:07:16,dynamic,task-0025,LSTM,FAILED,0.0,0.0,13051.4466,1,4,0,9.647347
2026-07-04 18:07:16,dynamic,task-0140-map-1,RNN,FAILED,0.0,0.0,12663.6468,1,4,0,9.647347
2026-07-04 18:07:16,dynamic,task-0294-map-1,LSTM,FAILED,0.0,0.0,47.002,1,4,0,9.647347
2026-07-04 18:07:16,dynamic,task-0087,RNN,FAILED,0.0,0.0,12894.8699,1,4,0,9.647347
2026-07-04 18:07:18,dynamic,task-0286,LSTM,FAILED,0.0,0.0,12095.8753,1,4,0,9.646906
2026-07-04 18:07:18,dynamic,task-0087,RNN,FAILED,0.0,0.0,12897.2127,1,4,0,9.646906
2026-07-04 18:07:18,dynamic,task-0294-map-1,LSTM,FAILED,0.0,0.0,49.3412,1,4,0,9.646906
2026-07-04 18:07:18,dynamic,task-0140-map-1,RNN,FAILED,0.0,0.0,12665.9656,1,4,0,9.646906
2026-07-04 18:07:18,dynamic,task-0025,LSTM,FAILED,0.0,0.0,13053.8052,1,4,0,9.646906
2026-07-04 18:07:19,dynamic,task-0286,LSTM,FAILED,0.0,0.0,12096.9186,1,4,0,9.646464
2026-07-04 18:07:19,dynamic,task-0025,LSTM,FAILED,0.0,0.0,13054.8233,1,4,0,9.646464
2026-07-04 18:07:19,dynamic,task-0140-map-1,RNN,FAILED,0.0,0.0,12666.9989,1,4,0,9.646464
2026-07-04 18:07:19,dynamic,task-0087,RNN,FAILED,0.0,0.0,12898.218,1,4,0,9.646464
2026-07-04 18:07:19,dynamic,task-0294-map-1,LSTM,FAILED,0.0,0.0,50.3571,1,4,0,9.646464
2026-07-04 18:07:20,dynamic,task-0286,LSTM,FAILED,0.0,0.0,12097.8825,1,4,0,9.646022
2026-07-04 18:07:20,dynamic,task-0140-map-1,RNN,FAILED,0.0,0.0,12667.9969,1,4,0,9.646022
2026-07-04 18:07:20,dynamic,task-0294-map-1,LSTM,FAILED,0.0,0.0,51.3712,1,4,0,9.646022
2026-07-04 18:07:20,dynamic,task-0025,LSTM,FAILED,0.0,0.0,13055.8198,1,4,0,9.646022
2026-07-04 18:07:20,dynamic,task-0087,RNN,FAILED,0.0,0.0,12899.2431,1,4,0,9.646022
2026-07-04 18:07:21,dynamic,task-0286,LSTM,FAILED,0.0,0.0,12098.9237,1,4,0,9.645581
2026-07-04 18:07:21,dynamic,task-0025,LSTM,FAILED,0.0,0.0,13056.829,1,4,0,9.645581
2026-07-04 18:07:21,dynamic,task-0140-map-1,RNN,FAILED,0.0,0.0,12669.0047,1,4,0,9.645581
2026-07-04 18:07:21,dynamic,task-0294-map-1,LSTM,FAILED,0.0,0.0,52.4119,1,4,0,9.645581
2026-07-04 18:07:21,dynamic,task-0087,RNN,FAILED,0.0,0.0,12900.2679,1,4,0,9.645581
2026-07-04 18:07:22,dynamic,task-0294-map-1,LSTM,FAILED,0.0,0.0,53.4057,1,4,0,9.645139
2026-07-04 18:07:22,dynamic,task-0286,LSTM,FAILED,0.0,0.0,12099.9336,1,4,0,9.645139
2026-07-04 18:07:22,dynamic,task-0140-map-1,RNN,FAILED,0.0,0.0,12670.0137,1,4,0,9.645139
2026-07-04 18:07:22,dynamic,task-0087,RNN,FAILED,0.0,0.0,12901.2366,1,4,0,9.645139
2026-07-04 18:07:22,dynamic,task-0025,LSTM,FAILED,0.0,0.0,13057.8547,1,4,0,9.645139
2026-07-04 18:07:23,dynamic,task-0294-map-1,LSTM,FAILED,0.0,0.0,54.3929,1,4,0,9.644697
2026-07-04 18:07:23,dynamic,task-0087,RNN,FAILED,0.0,0.0,12902.2346,1,4,0,9.644697
2026-07-04 18:07:23,dynamic,task-0140-map-1,RNN,FAILED,0.0,0.0,12671.0189,1,4,0,9.644697
2026-07-04 18:07:23,dynamic,task-0025,LSTM,FAILED,0.0,0.0,13058.841,1,4,0,9.644697
2026-07-04 18:07:23,dynamic,task-0286,LSTM,FAILED,0.0,0.0,12100.9343,1,4,0,9.644697
2026-07-04 18:07:24,dynamic,task-0140-map-1,RNN,FAILED,0.0,0.0,12672.054,1,4,0,9.644256
2026-07-04 18:07:24,dynamic,task-0087,RNN,FAILED,0.0,0.0,12903.2581,1,4,0,9.644256
2026-07-04 18:07:24,dynamic,task-0294-map-1,LSTM,FAILED,0.0,0.0,55.4267,1,4,0,9.644256
2026-07-04 18:07:24,dynamic,task-0025,LSTM,FAILED,0.0,0.0,13059.8516,1,4,0,9.644256
2026-07-04 18:07:24,dynamic,task-0286,LSTM,FAILED,0.0,0.0,12101.9637,1,4,0,9.644256
2026-07-04 18:07:25,dynamic,task-0294-map-1,LSTM,FAILED,0.0,0.0,56.4071,1,3,0,9.643875
2026-07-04 18:07:25,dynamic,task-0087,RNN,FAILED,0.0,0.0,12904.2701,1,3,0,9.643875
2026-07-04 18:07:25,dynamic,task-0286,LSTM,FAILED,0.0,0.0,12102.9336,1,3,0,9.643875
2026-07-04 18:07:25,dynamic,task-0025,LSTM,FAILED,0.0,0.0,13060.8619,1,3,0,9.643875
2026-07-04 18:07:26,dynamic,task-0087,RNN,FAILED,0.0,0.0,12905.2561,1,3,0,9.643494
2026-07-04 18:07:26,dynamic,task-0025,LSTM,FAILED,0.0,0.0,13061.8472,1,3,0,9.643494
2026-07-04 18:07:26,dynamic,task-0294-map-1,LSTM,FAILED,0.0,0.0,57.421,1,3,0,9.643494
2026-07-04 18:07:26,dynamic,task-0286,LSTM,FAILED,0.0,0.0,12103.9493,1,3,0,9.643494
2026-07-04 18:07:27,dynamic,task-0294-map-1,LSTM,FAILED,0.0,0.0,58.4205,1,3,0,9.643114
2026-07-04 18:07:27,dynamic,task-0087,RNN,FAILED,0.0,0.0,12906.2766,1,3,0,9.643114
2026-07-04 18:07:27,dynamic,task-0286,LSTM,FAILED,0.0,0.0,12104.9552,1,3,0,9.643114
2026-07-04 18:07:27,dynamic,task-0025,LSTM,FAILED,0.0,0.0,13062.8787,1,3,0,9.643114
2026-07-04 18:07:28,dynamic,task-0286,LSTM,FAILED,0.0,0.0,12105.9452,1,3,0,9.642733
2026-07-04 18:07:28,dynamic,task-0025,LSTM,FAILED,0.0,0.0,13063.8669,1,3,0,9.642733
2026-07-04 18:07:28,dynamic,task-0087,RNN,FAILED,0.0,0.0,12907.2898,1,3,0,9.642733
2026-07-04 18:07:28,dynamic,task-0294-map-1,LSTM,FAILED,0.0,0.0,59.4487,1,3,0,9.642733
2026-07-04 18:07:29,dynamic,task-0294-map-1,LSTM,FAILED,0.0,0.0,60.4325,1,3,0,9.642353
2026-07-04 18:07:29,dynamic,task-0286,LSTM,FAILED,0.0,0.0,12106.9706,1,3,0,9.642353
2026-07-04 18:07:29,dynamic,task-0025,LSTM,FAILED,0.0,0.0,13064.8759,1,3,0,9.642353
2026-07-04 18:07:29,dynamic,task-0087,RNN,FAILED,0.0,0.0,12908.3083,1,3,0,9.642353
2026-07-04 18:07:30,dynamic,task-0087,RNN,FAILED,0.0,0.0,12909.2797,1,3,0,9.641972
2026-07-04 18:07:30,dynamic,task-0286,LSTM,FAILED,0.0,0.0,12107.9584,1,3,0,9.641972
2026-07-04 18:07:30,dynamic,task-0294-map-1,LSTM,FAILED,0.0,0.0,61.446,1,3,0,9.641972
2026-07-04 18:07:30,dynamic,task-0025,LSTM,FAILED,0.0,0.0,13065.888,1,3,0,9.641972
2026-07-04 18:07:31,dynamic,task-0286,LSTM,FAILED,0.0,0.0,12108.9684,1,3,0,9.641592
2026-07-04 18:07:31,dynamic,task-0294-map-1,LSTM,FAILED,0.0,0.0,62.4628,1,3,0,9.641592
2026-07-04 18:07:31,dynamic,task-0087,RNN,FAILED,0.0,0.0,12910.3041,1,3,0,9.641592
2026-07-04 18:07:31,dynamic,task-0025,LSTM,FAILED,0.0,0.0,13066.9036,1,3,0,9.641592
2026-07-04 18:07:32,dynamic,task-0025,LSTM,FAILED,0.0,0.0,13067.8975,1,3,0,9.641211
2026-07-04 18:07:32,dynamic,task-0294-map-1,LSTM,FAILED,0.0,0.0,63.4907,1,3,0,9.641211
2026-07-04 18:07:32,dynamic,task-0286,LSTM,FAILED,0.0,0.0,12109.9992,1,3,0,9.641211
2026-07-04 18:07:32,dynamic,task-0087,RNN,FAILED,0.0,0.0,12911.3517,1,3,0,9.641211
2026-07-04 18:07:33,dynamic,task-0294-map-1,LSTM,FAILED,0.0,0.0,64.4636,1,3,0,9.640831
2026-07-04 18:07:33,dynamic,task-0286,LSTM,FAILED,0.0,0.0,12110.9936,1,3,0,9.640831
2026-07-04 18:07:33,dynamic,task-0087,RNN,FAILED,0.0,0.0,12912.3314,1,3,0,9.640831
2026-07-04 18:07:33,dynamic,task-0025,LSTM,FAILED,0.0,0.0,13068.9248,1,3,0,9.640831
2026-07-04 18:07:34,dynamic,task-0025,LSTM,FAILED,0.0,0.0,13069.9029,1,3,0,9.64045
2026-07-04 18:07:34,dynamic,task-0087,RNN,FAILED,0.0,0.0,12913.3399,1,3,0,9.64045
2026-07-04 18:07:34,dynamic,task-0286,LSTM,FAILED,0.0,0.0,12112.001,1,3,0,9.64045
2026-07-04 18:07:34,dynamic,task-0294-map-1,LSTM,FAILED,0.0,0.0,65.5076,1,3,0,9.64045
2026-07-04 18:07:35,dynamic,task-0286,LSTM,FAILED,0.0,0.0,12112.9913,1,3,0,9.640069
2026-07-04 18:07:35,dynamic,task-0025,LSTM,FAILED,0.0,0.0,13070.9117,1,3,0,9.640069
2026-07-04 18:07:35,dynamic,task-0294-map-1,LSTM,FAILED,0.0,0.0,66.4856,1,3,0,9.640069
2026-07-04 18:07:35,dynamic,task-0087,RNN,FAILED,0.0,0.0,12914.3415,1,3,0,9.640069
2026-07-04 18:07:39,dynamic,task-0087,RNN,FAILED,0.0,0.0,12917.7127,1,0,0,9.63975
2026-07-04 18:07:41,dynamic,task-0294-map-1,LSTM,FAILED,0.0,0.0,72.1286,1,1,0,9.639553
2026-07-04 18:07:41,dynamic,task-0087,RNN,FAILED,0.0,0.0,12919.9843,1,1,0,9.639553
2026-07-04 18:07:43,dynamic,task-0087,RNN,FAILED,0.0,0.0,12922.1785,1,2,0,9.639294
2026-07-04 18:07:43,dynamic,task-0294-map-1,LSTM,FAILED,0.0,0.0,74.3355,1,2,0,9.639294
2026-07-04 18:07:43,dynamic,task-0025,LSTM,FAILED,0.0,0.0,13078.757,1,2,0,9.639294
2026-07-04 18:07:45,dynamic,task-0087,RNN,FAILED,0.0,0.0,12924.4021,1,3,0,9.638975
2026-07-04 18:07:45,dynamic,task-0025,LSTM,FAILED,0.0,0.0,13080.9935,1,3,0,9.638975
2026-07-04 18:07:45,dynamic,task-0294-map-1,LSTM,FAILED,0.0,0.0,76.567,1,3,0,9.638975
2026-07-04 18:07:45,dynamic,task-0286,LSTM,FAILED,0.0,0.0,12123.0932,1,3,0,9.638975
2026-07-04 18:07:46,dynamic,task-0294-map-1,LSTM,FAILED,0.0,0.0,77.552,1,3,0,9.638594
2026-07-04 18:07:46,dynamic,task-0286,LSTM,FAILED,0.0,0.0,12124.0844,1,3,0,9.638594
2026-07-04 18:07:46,dynamic,task-0025,LSTM,FAILED,0.0,0.0,13081.9914,1,3,0,9.638594
2026-07-04 18:07:46,dynamic,task-0087,RNN,FAILED,0.0,0.0,12925.4215,1,3,0,9.638594
2026-07-04 18:07:49,dynamic,task-0286,LSTM,FAILED,0.0,0.0,12127.2044,1,3,0,9.638214
2026-07-04 18:07:49,dynamic,task-0025,LSTM,FAILED,0.0,0.0,13085.1349,1,3,0,9.638214
2026-07-04 18:07:49,dynamic,task-0087,RNN,FAILED,0.0,0.0,12928.5426,1,3,0,9.638214
2026-07-04 18:07:49,dynamic,task-0294-map-1,LSTM,FAILED,0.0,0.0,80.7091,1,3,0,9.638214
2026-07-04 18:07:50,dynamic,task-0140-map-1,RNN,FAILED,0.0,0.0,12698.3393,1,4,0,9.637772
2026-07-04 18:07:50,dynamic,task-0294-map-1,LSTM,FAILED,0.0,0.0,81.6968,1,4,0,9.637772
2026-07-04 18:07:50,dynamic,task-0286,LSTM,FAILED,0.0,0.0,12128.2329,1,4,0,9.637772
2026-07-04 18:07:50,dynamic,task-0025,LSTM,FAILED,0.0,0.0,13086.1621,1,4,0,9.637772
2026-07-04 18:07:50,dynamic,task-0087,RNN,FAILED,0.0,0.0,12929.554,1,4,0,9.637772
2026-07-04 18:07:51,dynamic,task-0025,LSTM,FAILED,0.0,0.0,13087.1419,1,4,0,9.637331
2026-07-04 18:07:51,dynamic,task-0140-map-1,RNN,FAILED,0.0,0.0,12699.3585,1,4,0,9.637331
2026-07-04 18:07:51,dynamic,task-0087,RNN,FAILED,0.0,0.0,12930.5724,1,4,0,9.637331
2026-07-04 18:07:51,dynamic,task-0294-map-1,LSTM,FAILED,0.0,0.0,82.7324,1,4,0,9.637331
2026-07-04 18:07:51,dynamic,task-0286,LSTM,FAILED,0.0,0.0,12129.2357,1,4,0,9.637331
2026-07-04 18:07:52,dynamic,task-0087,RNN,FAILED,0.0,0.0,12931.6011,1,4,0,9.636889
2026-07-04 18:07:52,dynamic,task-0140-map-1,RNN,FAILED,0.0,0.0,12700.3527,1,4,0,9.636889
2026-07-04 18:07:52,dynamic,task-0286,LSTM,FAILED,0.0,0.0,12130.2468,1,4,0,9.636889
2026-07-04 18:07:52,dynamic,task-0294-map-1,LSTM,FAILED,0.0,0.0,83.7431,1,4,0,9.636889
2026-07-04 18:07:52,dynamic,task-0025,LSTM,FAILED,0.0,0.0,13088.1939,1,4,0,9.636889
2026-07-04 18:07:53,dynamic,task-0025,LSTM,FAILED,0.0,0.0,13089.157,1,4,0,9.636447
2026-07-04 18:07:53,dynamic,task-0294-map-1,LSTM,FAILED,0.0,0.0,84.7417,1,4,0,9.636447
2026-07-04 18:07:53,dynamic,task-0087,RNN,FAILED,0.0,0.0,12932.603,1,4,0,9.636447
2026-07-04 18:07:53,dynamic,task-0140-map-1,RNN,FAILED,0.0,0.0,12701.3656,1,4,0,9.636447
2026-07-04 18:07:53,dynamic,task-0286,LSTM,FAILED,0.0,0.0,12131.2814,1,4,0,9.636447
2026-07-04 18:07:54,dynamic,task-0140-map-1,RNN,FAILED,0.0,0.0,12702.3984,1,4,0,9.636006
2026-07-04 18:07:54,dynamic,task-0087,RNN,FAILED,0.0,0.0,12933.6126,1,4,0,9.636006
2026-07-04 18:07:54,dynamic,task-0286,LSTM,FAILED,0.0,0.0,12132.2749,1,4,0,9.636006
2026-07-04 18:07:54,dynamic,task-0294-map-1,LSTM,FAILED,0.0,0.0,85.7717,1,4,0,9.636006
2026-07-04 18:07:54,dynamic,task-0025,LSTM,FAILED,0.0,0.0,13090.2256,1,4,0,9.636006
2026-07-04 18:07:55,dynamic,task-0140-map-1,RNN,FAILED,0.0,0.0,12703.3706,1,4,0,9.635564
2026-07-04 18:07:55,dynamic,task-0294-map-1,LSTM,FAILED,0.0,0.0,86.7668,1,4,0,9.635564
2026-07-04 18:07:55,dynamic,task-0025,LSTM,FAILED,0.0,0.0,13091.1795,1,4,0,9.635564
2026-07-04 18:07:55,dynamic,task-0286,LSTM,FAILED,0.0,0.0,12133.2802,1,4,0,9.635564
2026-07-04 18:07:55,dynamic,task-0087,RNN,FAILED,0.0,0.0,12934.6222,1,4,0,9.635564
2026-07-04 18:07:56,dynamic,task-0286,LSTM,FAILED,0.0,0.0,12134.2813,1,4,0,9.635122
2026-07-04 18:07:56,dynamic,task-0025,LSTM,FAILED,0.0,0.0,13092.2186,1,4,0,9.635122
2026-07-04 18:07:56,dynamic,task-0087,RNN,FAILED,0.0,0.0,12935.6243,1,4,0,9.635122
2026-07-04 18:07:56,dynamic,task-0294-map-1,LSTM,FAILED,0.0,0.0,87.7677,1,4,0,9.635122
2026-07-04 18:07:56,dynamic,task-0140-map-1,RNN,FAILED,0.0,0.0,12704.4111,1,4,0,9.635122
2026-07-04 18:07:57,dynamic,task-0087,RNN,FAILED,0.0,0.0,12936.6306,1,4,0,9.634681
2026-07-04 18:07:57,dynamic,task-0294-map-1,LSTM,FAILED,0.0,0.0,88.7901,1,4,0,9.634681
2026-07-04 18:07:57,dynamic,task-0286,LSTM,FAILED,0.0,0.0,12135.2928,1,4,0,9.634681
2026-07-04 18:07:57,dynamic,task-0025,LSTM,FAILED,0.0,0.0,13093.232,1,4,0,9.634681
2026-07-04 18:07:57,dynamic,task-0140-map-1,RNN,FAILED,0.0,0.0,12705.4269,1,4,0,9.634681
2026-07-04 18:07:58,dynamic,task-0025,LSTM,FAILED,0.0,0.0,13094.2118,1,4,0,9.634239
2026-07-04 18:07:58,dynamic,task-0140-map-1,RNN,FAILED,0.0,0.0,12706.4122,1,4,0,9.634239
2026-07-04 18:07:58,dynamic,task-0087,RNN,FAILED,0.0,0.0,12937.6507,1,4,0,9.634239
2026-07-04 18:07:58,dynamic,task-0286,LSTM,FAILED,0.0,0.0,12136.331,1,4,0,9.634239
2026-07-04 18:07:58,dynamic,task-0294-map-1,LSTM,FAILED,0.0,0.0,89.787,1,4,0,9.634239
2026-07-04 18:07:59,dynamic,task-0140-map-1,RNN,FAILED,0.0,0.0,12707.4094,1,4,0,9.633797
2026-07-04 18:08:00,dynamic,task-0087,RNN,FAILED,0.0,0.0,12938.6594,1,4,0,9.633797
2026-07-04 18:08:00,dynamic,task-0025,LSTM,FAILED,0.0,0.0,13095.2355,1,4,0,9.633797
2026-07-04 18:08:00,dynamic,task-0294-map-1,LSTM,FAILED,0.0,0.0,90.8201,1,4,0,9.633797
2026-07-04 18:08:00,dynamic,task-0286,LSTM,FAILED,0.0,0.0,12137.3498,1,4,0,9.633797
2026-07-04 18:08:00,dynamic,task-0025,LSTM,FAILED,0.0,0.0,13096.2334,1,4,0,9.633356
2026-07-04 18:08:00,dynamic,task-0140-map-1,RNN,FAILED,0.0,0.0,12708.4244,1,4,0,9.633356
2026-07-04 18:08:00,dynamic,task-0286,LSTM,FAILED,0.0,0.0,12138.3072,1,4,0,9.633356
2026-07-04 18:08:00,dynamic,task-0294-map-1,LSTM,FAILED,0.0,0.0,91.8128,1,4,0,9.633356
2026-07-04 18:08:00,dynamic,task-0087,RNN,FAILED,0.0,0.0,12939.6426,1,4,0,9.633356
2026-07-04 18:08:02,dynamic,task-0087,RNN,FAILED,0.0,0.0,12940.6805,1,4,0,9.632914
2026-07-04 18:08:02,dynamic,task-0294-map-1,LSTM,FAILED,0.0,0.0,92.8408,1,4,0,9.632914
2026-07-04 18:08:02,dynamic,task-0286,LSTM,FAILED,0.0,0.0,12139.3433,1,4,0,9.632914
2026-07-04 18:08:02,dynamic,task-0140-map-1,RNN,FAILED,0.0,0.0,12709.4334,1,4,0,9.632914
2026-07-04 18:08:02,dynamic,task-0025,LSTM,FAILED,0.0,0.0,13097.2823,1,4,0,9.632914
2026-07-04 18:08:03,dynamic,task-0286,LSTM,FAILED,0.0,0.0,12140.3305,1,3,0,9.632533
2026-07-04 18:08:03,dynamic,task-0025,LSTM,FAILED,0.0,0.0,13098.2366,1,3,0,9.632533
2026-07-04 18:08:03,dynamic,task-0294-map-1,LSTM,FAILED,0.0,0.0,93.8182,1,3,0,9.632533
2026-07-04 18:08:03,dynamic,task-0140-map-1,RNN,FAILED,0.0,0.0,12710.4431,1,3,0,9.632533
2026-07-04 18:08:06,dynamic,task-0140-map-1,RNN,FAILED,0.0,0.0,12713.9612,1,2,0,9.632214
2026-07-04 18:08:06,dynamic,task-0294-map-1,LSTM,FAILED,0.0,0.0,97.335,1,2,0,9.632214
2026-07-04 18:08:06,dynamic,task-0286,LSTM,FAILED,0.0,0.0,12143.844,1,2,0,9.632214
2026-07-04 18:08:08,dynamic,task-0294-map-1,LSTM,FAILED,0.0,0.0,99.5239,1,2,0,9.631894
2026-07-04 18:08:08,dynamic,task-0140-map-1,RNN,FAILED,0.0,0.0,12716.149,1,2,0,9.631894
2026-07-04 18:08:08,dynamic,task-0286,LSTM,FAILED,0.0,0.0,12146.0585,1,2,0,9.631894
2026-07-04 18:08:09,dynamic,task-0286,LSTM,FAILED,0.0,0.0,12147.0422,1,3,0,9.631514
2026-07-04 18:08:09,dynamic,task-0294-map-1,LSTM,FAILED,0.0,0.0,100.5319,1,3,0,9.631514
2026-07-04 18:08:09,dynamic,task-0025,LSTM,FAILED,0.0,0.0,13104.9601,1,3,0,9.631514
2026-07-04 18:08:09,dynamic,task-0140-map-1,RNN,FAILED,0.0,0.0,12717.156,1,3,0,9.631514
2026-07-04 18:08:10,dynamic,task-0025,LSTM,FAILED,0.0,0.0,13106.0236,1,4,0,9.631072
2026-07-04 18:08:10,dynamic,task-0286,LSTM,FAILED,0.0,0.0,12148.1298,1,4,0,9.631072
2026-07-04 18:08:10,dynamic,task-0294-map-1,LSTM,FAILED,0.0,0.0,101.5971,1,4,0,9.631072
2026-07-04 18:08:10,dynamic,task-0140-map-1,RNN,FAILED,0.0,0.0,12718.2324,1,4,0,9.631072
2026-07-04 18:08:10,dynamic,task-0087,RNN,FAILED,0.0,0.0,12949.4514,1,4,0,9.631072
2026-07-04 18:08:11,dynamic,task-0025,LSTM,FAILED,0.0,0.0,13107.0155,1,4,0,9.630631
2026-07-04 18:08:11,dynamic,task-0140-map-1,RNN,FAILED,0.0,0.0,12719.1951,1,4,0,9.630631
2026-07-04 18:08:11,dynamic,task-0286,LSTM,FAILED,0.0,0.0,12149.1069,1,4,0,9.630631
2026-07-04 18:08:11,dynamic,task-0294-map-1,LSTM,FAILED,0.0,0.0,102.5922,1,4,0,9.630631
2026-07-04 18:08:11,dynamic,task-0087,RNN,FAILED,0.0,0.0,12950.4469,1,4,0,9.630631
2026-07-04 18:08:12,dynamic,task-0087,RNN,FAILED,0.0,0.0,12951.437,1,4,0,9.630189
2026-07-04 18:08:12,dynamic,task-0025,LSTM,FAILED,0.0,0.0,13108.0323,1,4,0,9.630189
2026-07-04 18:08:12,dynamic,task-0286,LSTM,FAILED,0.0,0.0,12150.1136,1,4,0,9.630189
2026-07-04 18:08:12,dynamic,task-0140-map-1,RNN,FAILED,0.0,0.0,12720.2279,1,4,0,9.630189
2026-07-04 18:08:12,dynamic,task-0294-map-1,LSTM,FAILED,0.0,0.0,103.6039,1,4,0,9.630189
2026-07-04 18:08:13,dynamic,task-0294-map-1,LSTM,FAILED,0.0,0.0,104.7178,1,4,0,9.629747
2026-07-04 18:08:13,dynamic,task-0025,LSTM,FAILED,0.0,0.0,13109.1411,1,4,0,9.629747
2026-07-04 18:08:13,dynamic,task-0286,LSTM,FAILED,0.0,0.0,12151.2471,1,4,0,9.629747
2026-07-04 18:08:13,dynamic,task-0140-map-1,RNN,FAILED,0.0,0.0,12721.3639,1,4,0,9.629747
2026-07-04 18:08:13,dynamic,task-0087,RNN,FAILED,0.0,0.0,12952.5848,1,4,0,9.629747
2026-07-04 18:08:14,dynamic,task-0025,LSTM,FAILED,0.0,0.0,13110.0678,1,4,0,9.629306
2026-07-04 18:08:14,dynamic,task-0087,RNN,FAILED,0.0,0.0,12953.4672,1,4,0,9.629306
2026-07-04 18:08:14,dynamic,task-0140-map-1,RNN,FAILED,0.0,0.0,12722.2465,1,4,0,9.629306
2026-07-04 18:08:14,dynamic,task-0294-map-1,LSTM,FAILED,0.0,0.0,105.6404,1,4,0,9.629306
2026-07-04 18:08:14,dynamic,task-0286,LSTM,FAILED,0.0,0.0,12152.1675,1,4,0,9.629306
2026-07-04 18:08:15,dynamic,task-0294-map-1,LSTM,FAILED,0.0,0.0,106.6183,1,3,0,9.628925
2026-07-04 18:08:15,dynamic,task-0140-map-1,RNN,FAILED,0.0,0.0,12723.2423,1,3,0,9.628925
2026-07-04 18:08:15,dynamic,task-0286,LSTM,FAILED,0.0,0.0,12153.1499,1,3,0,9.628925
2026-07-04 18:08:15,dynamic,task-0087,RNN,FAILED,0.0,0.0,12954.4841,1,3,0,9.628925
2026-07-04 18:08:16,dynamic,task-0140-map-1,RNN,FAILED,0.0,0.0,12724.2362,1,3,0,9.628544
2026-07-04 18:08:16,dynamic,task-0087,RNN,FAILED,0.0,0.0,12955.4771,1,3,0,9.628544
2026-07-04 18:08:16,dynamic,task-0286,LSTM,FAILED,0.0,0.0,12154.1434,1,3,0,9.628544
2026-07-04 18:08:16,dynamic,task-0294-map-1,LSTM,FAILED,0.0,0.0,107.6357,1,3,0,9.628544
2026-07-04 18:08:17,dynamic,task-0087,RNN,FAILED,0.0,0.0,12956.4756,1,3,0,9.628164
2026-07-04 18:08:17,dynamic,task-0140-map-1,RNN,FAILED,0.0,0.0,12725.2504,1,3,0,9.628164
2026-07-04 18:08:17,dynamic,task-0294-map-1,LSTM,FAILED,0.0,0.0,108.6426,1,3,0,9.628164
2026-07-04 18:08:17,dynamic,task-0286,LSTM,FAILED,0.0,0.0,12155.1573,1,3,0,9.628164
2026-07-04 18:08:18,dynamic,task-0286,LSTM,FAILED,0.0,0.0,12156.1812,1,3,0,9.627783
2026-07-04 18:08:18,dynamic,task-0294-map-1,LSTM,FAILED,0.0,0.0,109.6681,1,3,0,9.627783
2026-07-04 18:08:18,dynamic,task-0140-map-1,RNN,FAILED,0.0,0.0,12726.2938,1,3,0,9.627783
2026-07-04 18:08:18,dynamic,task-0087,RNN,FAILED,0.0,0.0,12957.5318,1,3,0,9.627783
2026-07-04 18:08:22,dynamic,task-0087,RNN,FAILED,0.0,0.0,12960.6987,1,3,0,9.627403
2026-07-04 18:08:22,dynamic,task-0294-map-1,LSTM,FAILED,0.0,0.0,112.8692,1,3,0,9.627403
2026-07-04 18:08:22,dynamic,task-0286,LSTM,FAILED,0.0,0.0,12159.4011,1,3,0,9.627403
2026-07-04 18:08:22,dynamic,task-0140-map-1,RNN,FAILED,0.0,0.0,12729.5118,1,3,0,9.627403
2026-07-04 18:08:23,dynamic,task-0140-map-1,RNN,FAILED,0.0,0.0,12730.4678,1,3,0,9.627022
2026-07-04 18:08:23,dynamic,task-0286,LSTM,FAILED,0.0,0.0,12160.3801,1,3,0,9.627022
2026-07-04 18:08:23,dynamic,task-0087,RNN,FAILED,0.0,0.0,12961.7166,1,3,0,9.627022
2026-07-04 18:08:23,dynamic,task-0294-map-1,LSTM,FAILED,0.0,0.0,113.8752,1,3,0,9.627022
2026-07-04 18:08:24,dynamic,task-0286,LSTM,FAILED,0.0,0.0,12161.3755,1,3,0,9.626642
2026-07-04 18:08:24,dynamic,task-0294-map-1,LSTM,FAILED,0.0,0.0,114.8719,1,3,0,9.626642
2026-07-04 18:08:24,dynamic,task-0140-map-1,RNN,FAILED,0.0,0.0,12731.4809,1,3,0,9.626642
2026-07-04 18:08:24,dynamic,task-0087,RNN,FAILED,0.0,0.0,12962.7291,1,3,0,9.626642
2026-07-04 18:08:25,dynamic,task-0087,RNN,FAILED,0.0,0.0,12963.7457,1,3,0,9.626261
2026-07-04 18:08:25,dynamic,task-0140-map-1,RNN,FAILED,0.0,0.0,12732.5238,1,3,0,9.626261
2026-07-04 18:08:25,dynamic,task-0294-map-1,LSTM,FAILED,0.0,0.0,115.9151,1,3,0,9.626261
2026-07-04 18:08:25,dynamic,task-0286,LSTM,FAILED,0.0,0.0,12162.4456,1,3,0,9.626261
2026-07-04 18:08:26,dynamic,task-0286,LSTM,FAILED,0.0,0.0,12163.4162,1,3,0,9.625881
2026-07-04 18:08:26,dynamic,task-0087,RNN,FAILED,0.0,0.0,12964.7706,1,3,0,9.625881
2026-07-04 18:08:26,dynamic,task-0140-map-1,RNN,FAILED,0.0,0.0,12733.5276,1,3,0,9.625881
2026-07-04 18:08:26,dynamic,task-0294-map-1,LSTM,FAILED,0.0,0.0,116.9326,1,3,0,9.625881
2026-07-04 18:08:27,dynamic,task-0294-map-1,LSTM,FAILED,0.0,0.0,117.8729,1,3,0,9.6255
2026-07-04 18:08:27,dynamic,task-0286,LSTM,FAILED,0.0,0.0,12164.408,1,3,0,9.6255
2026-07-04 18:08:27,dynamic,task-0140-map-1,RNN,FAILED,0.0,0.0,12734.498,1,3,0,9.6255
2026-07-04 18:08:27,dynamic,task-0087,RNN,FAILED,0.0,0.0,12965.7464,1,3,0,9.6255
2026-07-04 18:08:28,dynamic,task-0140-map-1,RNN,FAILED,0.0,0.0,12735.5052,1,3,0,9.625119
2026-07-04 18:08:28,dynamic,task-0087,RNN,FAILED,0.0,0.0,12966.7431,1,3,0,9.625119
2026-07-04 18:08:28,dynamic,task-0286,LSTM,FAILED,0.0,0.0,12165.4208,1,3,0,9.625119
2026-07-04 18:08:28,dynamic,task-0294-map-1,LSTM,FAILED,0.0,0.0,118.9105,1,3,0,9.625119
2026-07-04 18:08:32,dynamic,task-0294-map-1,LSTM,FAILED,0.0,0.0,123.1768,1,2,0,9.6248
2026-07-04 18:08:32,dynamic,task-0286,LSTM,FAILED,0.0,0.0,12169.7055,1,2,0,9.6248
2026-07-04 18:08:32,dynamic,task-0087,RNN,FAILED,0.0,0.0,12971.0421,1,2,0,9.6248
2026-07-04 18:08:35,dynamic,task-0140-map-1,RNN,FAILED,0.0,0.0,12742.6127,1,3,0,9.624481
2026-07-04 18:08:35,dynamic,task-0286,LSTM,FAILED,0.0,0.0,12172.5273,1,3,0,9.624481
2026-07-04 18:08:35,dynamic,task-0087,RNN,FAILED,0.0,0.0,12973.8486,1,3,0,9.624481
2026-07-04 18:08:35,dynamic,task-0294-map-1,LSTM,FAILED,0.0,0.0,126.0139,1,3,0,9.624481
2026-07-04 18:08:36,dynamic,task-0286,LSTM,FAILED,0.0,0.0,12173.5362,1,3,0,9.6241
2026-07-04 18:08:36,dynamic,task-0294-map-1,LSTM,FAILED,0.0,0.0,127.0089,1,3,0,9.6241
2026-07-04 18:08:36,dynamic,task-0140-map-1,RNN,FAILED,0.0,0.0,12743.6418,1,3,0,9.6241
2026-07-04 18:08:36,dynamic,task-0087,RNN,FAILED,0.0,0.0,12974.8799,1,3,0,9.6241
2026-07-04 18:08:37,dynamic,task-0140-map-1,RNN,FAILED,0.0,0.0,12744.63,1,3,0,9.623719
2026-07-04 18:08:37,dynamic,task-0087,RNN,FAILED,0.0,0.0,12975.879,1,3,0,9.623719
2026-07-04 18:08:37,dynamic,task-0294-map-1,LSTM,FAILED,0.0,0.0,128.022,1,3,0,9.623719
2026-07-04 18:08:37,dynamic,task-0286,LSTM,FAILED,0.0,0.0,12174.5584,1,3,0,9.623719
2026-07-04 18:08:38,dynamic,task-0087,RNN,FAILED,0.0,0.0,12976.8668,1,4,0,9.623278
2026-07-04 18:08:38,dynamic,task-0140-map-1,RNN,FAILED,0.0,0.0,12745.6447,1,4,0,9.623278
2026-07-04 18:08:38,dynamic,task-0286,LSTM,FAILED,0.0,0.0,12175.5521,1,4,0,9.623278
2026-07-04 18:08:38,dynamic,task-0025,LSTM,FAILED,0.0,0.0,13133.4718,1,4,0,9.623278
2026-07-04 18:08:38,dynamic,task-0294-map-1,LSTM,FAILED,0.0,0.0,129.0469,1,4,0,9.623278
2026-07-04 18:08:39,dynamic,task-0294-map-1,LSTM,FAILED,0.0,0.0,130.0202,1,4,0,9.622836
2026-07-04 18:08:39,dynamic,task-0025,LSTM,FAILED,0.0,0.0,13134.4636,1,4,0,9.622836
2026-07-04 18:08:39,dynamic,task-0286,LSTM,FAILED,0.0,0.0,12176.5609,1,4,0,9.622836
2026-07-04 18:08:39,dynamic,task-0140-map-1,RNN,FAILED,0.0,0.0,12746.6432,1,4,0,9.622836
2026-07-04 18:08:39,dynamic,task-0087,RNN,FAILED,0.0,0.0,12977.8842,1,4,0,9.622836
2026-07-04 18:08:40,dynamic,task-0087,RNN,FAILED,0.0,0.0,12978.8794,1,3,0,9.622456
2026-07-04 18:08:40,dynamic,task-0286,LSTM,FAILED,0.0,0.0,12177.5567,1,3,0,9.622456
2026-07-04 18:08:40,dynamic,task-0140-map-1,RNN,FAILED,0.0,0.0,12747.6607,1,3,0,9.622456
2026-07-04 18:08:40,dynamic,task-0025,LSTM,FAILED,0.0,0.0,13135.4823,1,3,0,9.622456
2026-07-04 18:08:41,dynamic,task-0140-map-1,RNN,FAILED,0.0,0.0,12748.679,1,3,0,9.622075
2026-07-04 18:08:41,dynamic,task-0286,LSTM,FAILED,0.0,0.0,12178.6101,1,3,0,9.622075
2026-07-04 18:08:41,dynamic,task-0025,LSTM,FAILED,0.0,0.0,13136.5051,1,3,0,9.622075
2026-07-04 18:08:41,dynamic,task-0087,RNN,FAILED,0.0,0.0,12979.949,1,3,0,9.622075
2026-07-04 18:08:44,dynamic,task-0025,LSTM,FAILED,0.0,0.0,13139.6877,1,2,0,9.621756
2026-07-04 18:08:44,dynamic,task-0087,RNN,FAILED,0.0,0.0,12983.1092,1,2,0,9.621756
2026-07-04 18:08:44,dynamic,task-0286,LSTM,FAILED,0.0,0.0,12181.787,1,2,0,9.621756
2026-07-04 18:08:45,dynamic,task-0286,LSTM,FAILED,0.0,0.0,12182.7792,1,2,0,9.621436
2026-07-04 18:08:45,dynamic,task-0025,LSTM,FAILED,0.0,0.0,13140.7041,1,2,0,9.621436
2026-07-04 18:08:45,dynamic,task-0087,RNN,FAILED,0.0,0.0,12984.1142,1,2,0,9.621436
2026-07-04 18:08:48,dynamic,task-0025,LSTM,FAILED,0.0,0.0,13143.9856,1,3,0,9.621117
2026-07-04 18:08:48,dynamic,task-0140-map-1,RNN,FAILED,0.0,0.0,12756.1877,1,3,0,9.621117
2026-07-04 18:08:48,dynamic,task-0087,RNN,FAILED,0.0,0.0,12987.4081,1,3,0,9.621117
2026-07-04 18:08:48,dynamic,task-0286,LSTM,FAILED,0.0,0.0,12186.098,1,3,0,9.621117
2026-07-04 18:08:49,dynamic,task-0140-map-1,RNN,FAILED,0.0,0.0,12757.1659,1,3,0,9.620736
2026-07-04 18:08:49,dynamic,task-0286,LSTM,FAILED,0.0,0.0,12187.0733,1,3,0,9.620736
2026-07-04 18:08:49,dynamic,task-0087,RNN,FAILED,0.0,0.0,12988.4078,1,3,0,9.620736
2026-07-04 18:08:49,dynamic,task-0025,LSTM,FAILED,0.0,0.0,13145.0003,1,3,0,9.620736
2026-07-04 18:08:50,dynamic,task-0286,LSTM,FAILED,0.0,0.0,12188.1054,1,3,0,9.620356
2026-07-04 18:08:50,dynamic,task-0025,LSTM,FAILED,0.0,0.0,13146.0262,1,3,0,9.620356
2026-07-04 18:08:50,dynamic,task-0140-map-1,RNN,FAILED,0.0,0.0,12758.218,1,3,0,9.620356
2026-07-04 18:08:50,dynamic,task-0087,RNN,FAILED,0.0,0.0,12989.4578,1,3,0,9.620356
2026-07-04 18:08:52,dynamic,task-0087,RNN,FAILED,0.0,0.0,12990.984,1,4,0,9.619914
2026-07-04 18:08:52,dynamic,task-0294-map-1,LSTM,FAILED,0.0,0.0,142.5779,1,4,0,9.619914
2026-07-04 18:08:52,dynamic,task-0140-map-1,RNN,FAILED,0.0,0.0,12759.189,1,4,0,9.619914
2026-07-04 18:08:52,dynamic,task-0025,LSTM,FAILED,0.0,0.0,13147.5543,1,4,0,9.619914
2026-07-04 18:08:52,dynamic,task-0286,LSTM,FAILED,0.0,0.0,12189.6486,1,4,0,9.619914
2026-07-04 18:08:54,dynamic,task-0286,LSTM,FAILED,0.0,0.0,12192.0173,1,4,0,9.619472
2026-07-04 18:08:54,dynamic,task-0140-map-1,RNN,FAILED,0.0,0.0,12762.1075,1,4,0,9.619472
2026-07-04 18:08:54,dynamic,task-0087,RNN,FAILED,0.0,0.0,12993.3593,1,4,0,9.619472
2026-07-04 18:08:54,dynamic,task-0294-map-1,LSTM,FAILED,0.0,0.0,145.5041,1,4,0,9.619472
2026-07-04 18:08:54,dynamic,task-0025,LSTM,FAILED,0.0,0.0,13149.9526,1,4,0,9.619472
2026-07-04 18:08:55,dynamic,task-0025,LSTM,FAILED,0.0,0.0,13150.9431,1,4,0,9.619031
2026-07-04 18:08:55,dynamic,task-0087,RNN,FAILED,0.0,0.0,12994.3781,1,4,0,9.619031
2026-07-04 18:08:55,dynamic,task-0294-map-1,LSTM,FAILED,0.0,0.0,146.5199,1,4,0,9.619031
2026-07-04 18:08:55,dynamic,task-0140-map-1,RNN,FAILED,0.0,0.0,12763.1564,1,4,0,9.619031
2026-07-04 18:08:55,dynamic,task-0286,LSTM,FAILED,0.0,0.0,12193.0671,1,4,0,9.619031
2026-07-04 18:08:56,dynamic,task-0286,LSTM,FAILED,0.0,0.0,12194.0816,1,4,0,9.618589
2026-07-04 18:08:56,dynamic,task-0294-map-1,LSTM,FAILED,0.0,0.0,147.5401,1,4,0,9.618589
2026-07-04 18:08:56,dynamic,task-0140-map-1,RNN,FAILED,0.0,0.0,12764.1488,1,4,0,9.618589
2026-07-04 18:08:56,dynamic,task-0025,LSTM,FAILED,0.0,0.0,13151.9836,1,4,0,9.618589
2026-07-04 18:08:56,dynamic,task-0087,RNN,FAILED,0.0,0.0,12995.4247,1,4,0,9.618589
2026-07-04 18:08:57,dynamic,task-0087,RNN,FAILED,0.0,0.0,12996.3758,1,4,0,9.618147
2026-07-04 18:08:57,dynamic,task-0140-map-1,RNN,FAILED,0.0,0.0,12765.1625,1,4,0,9.618147
2026-07-04 18:08:57,dynamic,task-0025,LSTM,FAILED,0.0,0.0,13152.9897,1,4,0,9.618147
2026-07-04 18:08:57,dynamic,task-0286,LSTM,FAILED,0.0,0.0,12195.0872,1,4,0,9.618147
2026-07-04 18:08:57,dynamic,task-0294-map-1,LSTM,FAILED,0.0,0.0,148.5925,1,4,0,9.618147
2026-07-04 18:08:58,dynamic,task-0025,LSTM,FAILED,0.0,0.0,13153.965,1,4,0,9.617706
2026-07-04 18:08:58,dynamic,task-0140-map-1,RNN,FAILED,0.0,0.0,12766.1606,1,4,0,9.617706
2026-07-04 18:08:58,dynamic,task-0286,LSTM,FAILED,0.0,0.0,12196.0874,1,4,0,9.617706
2026-07-04 18:08:58,dynamic,task-0087,RNN,FAILED,0.0,0.0,12997.4091,1,4,0,9.617706
2026-07-04 18:08:58,dynamic,task-0294-map-1,LSTM,FAILED,0.0,0.0,149.5527,1,4,0,9.617706
2026-07-04 18:08:59,dynamic,task-0294-map-1,LSTM,FAILED,0.0,0.0,150.5251,1,4,0,9.617264
2026-07-04 18:08:59,dynamic,task-0087,RNN,FAILED,0.0,0.0,12998.3912,1,4,0,9.617264
2026-07-04 18:08:59,dynamic,task-0025,LSTM,FAILED,0.0,0.0,13154.9823,1,4,0,9.617264
2026-07-04 18:08:59,dynamic,task-0286,LSTM,FAILED,0.0,0.0,12197.0755,1,4,0,9.617264
2026-07-04 18:08:59,dynamic,task-0140-map-1,RNN,FAILED,0.0,0.0,12767.1812,1,4,0,9.617264
2026-07-04 18:09:00,dynamic,task-0025,LSTM,FAILED,0.0,0.0,13156.0061,1,4,0,9.616822
2026-07-04 18:09:00,dynamic,task-0286,LSTM,FAILED,0.0,0.0,12198.1038,1,4,0,9.616822
2026-07-04 18:09:00,dynamic,task-0294-map-1,LSTM,FAILED,0.0,0.0,151.5931,1,4,0,9.616822
2026-07-04 18:09:00,dynamic,task-0140-map-1,RNN,FAILED,0.0,0.0,12768.1802,1,4,0,9.616822
2026-07-04 18:09:00,dynamic,task-0087,RNN,FAILED,0.0,0.0,12999.4512,1,4,0,9.616822
2026-07-04 18:09:01,dynamic,task-0087,RNN,FAILED,0.0,0.0,13000.4065,1,4,0,9.616381
2026-07-04 18:09:01,dynamic,task-0294-map-1,LSTM,FAILED,0.0,0.0,152.5903,1,4,0,9.616381
2026-07-04 18:09:01,dynamic,task-0286,LSTM,FAILED,0.0,0.0,12199.0939,1,4,0,9.616381
2026-07-04 18:09:01,dynamic,task-0025,LSTM,FAILED,0.0,0.0,13156.9989,1,4,0,9.616381
2026-07-04 18:09:01,dynamic,task-0140-map-1,RNN,FAILED,0.0,0.0,12769.2008,1,4,0,9.616381
2026-07-04 18:09:02,dynamic,task-0140-map-1,RNN,FAILED,0.0,0.0,12770.1816,1,4,0,9.615939
2026-07-04 18:09:02,dynamic,task-0087,RNN,FAILED,0.0,0.0,13001.4256,1,4,0,9.615939
2026-07-04 18:09:02,dynamic,task-0294-map-1,LSTM,FAILED,0.0,0.0,153.5907,1,4,0,9.615939
2026-07-04 18:09:02,dynamic,task-0025,LSTM,FAILED,0.0,0.0,13158.004,1,4,0,9.615939
2026-07-04 18:09:02,dynamic,task-0286,LSTM,FAILED,0.0,0.0,12200.1042,1,4,0,9.615939
2026-07-04 18:09:03,dynamic,task-0140-map-1,RNN,FAILED,0.0,0.0,12771.209,1,4,0,9.615497
2026-07-04 18:09:03,dynamic,task-0087,RNN,FAILED,0.0,0.0,13002.4323,1,4,0,9.615497
2026-07-04 18:09:03,dynamic,task-0025,LSTM,FAILED,0.0,0.0,13159.042,1,4,0,9.615497
2026-07-04 18:09:03,dynamic,task-0286,LSTM,FAILED,0.0,0.0,12201.1199,1,4,0,9.615497
2026-07-04 18:09:03,dynamic,task-0294-map-1,LSTM,FAILED,0.0,0.0,154.623,1,4,0,9.615497
2026-07-04 18:09:04,dynamic,task-0087,RNN,FAILED,0.0,0.0,13003.4234,1,3,0,9.615117
2026-07-04 18:09:04,dynamic,task-0294-map-1,LSTM,FAILED,0.0,0.0,155.5824,1,3,0,9.615117
2026-07-04 18:09:04,dynamic,task-0025,LSTM,FAILED,0.0,0.0,13160.0235,1,3,0,9.615117
2026-07-04 18:09:04,dynamic,task-0286,LSTM,FAILED,0.0,0.0,12202.1186,1,3,0,9.615117
2026-07-04 18:09:05,dynamic,task-0286,LSTM,FAILED,0.0,0.0,12203.1082,1,3,0,9.614736
2026-07-04 18:09:05,dynamic,task-0025,LSTM,FAILED,0.0,0.0,13161.0121,1,3,0,9.614736
2026-07-04 18:09:05,dynamic,task-0294-map-1,LSTM,FAILED,0.0,0.0,156.6022,1,3,0,9.614736
2026-07-04 18:09:05,dynamic,task-0087,RNN,FAILED,0.0,0.0,13004.4602,1,3,0,9.614736
2026-07-04 18:09:09,dynamic,task-0087,RNN,FAILED,0.0,0.0,13008.3051,1,1,0,9.614417
2026-07-04 18:09:09,dynamic,task-0286,LSTM,FAILED,0.0,0.0,12206.97,1,1,0,9.614417
2026-07-04 18:09:11,dynamic,task-0294-map-1,LSTM,FAILED,0.0,0.0,162.6853,1,2,0,9.614158
2026-07-04 18:09:11,dynamic,task-0286,LSTM,FAILED,0.0,0.0,12209.1997,1,2,0,9.614158
2026-07-04 18:09:11,dynamic,task-0087,RNN,FAILED,0.0,0.0,13010.5416,1,2,0,9.614158
2026-07-04 18:09:14,dynamic,task-0087,RNN,FAILED,0.0,0.0,13012.8097,1,3,0,9.613839
2026-07-04 18:09:14,dynamic,task-0294-map-1,LSTM,FAILED,0.0,0.0,164.9709,1,3,0,9.613839
2026-07-04 18:09:14,dynamic,task-0286,LSTM,FAILED,0.0,0.0,12211.5054,1,3,0,9.613839
2026-07-04 18:09:14,dynamic,task-0025,LSTM,FAILED,0.0,0.0,13169.4118,1,3,0,9.613839
2026-07-04 18:09:15,dynamic,task-0286,LSTM,FAILED,0.0,0.0,12212.4833,1,3,0,9.613458
2026-07-04 18:09:15,dynamic,task-0025,LSTM,FAILED,0.0,0.0,13170.4032,1,3,0,9.613458
2026-07-04 18:09:15,dynamic,task-0087,RNN,FAILED,0.0,0.0,13013.824,1,3,0,9.613458
2026-07-04 18:09:15,dynamic,task-0294-map-1,LSTM,FAILED,0.0,0.0,165.9839,1,3,0,9.613458
2026-07-04 18:09:16,dynamic,task-0087,RNN,FAILED,0.0,0.0,13014.8064,1,3,0,9.613078
2026-07-04 18:09:16,dynamic,task-0025,LSTM,FAILED,0.0,0.0,13171.4023,1,3,0,9.613078
2026-07-04 18:09:16,dynamic,task-0294-map-1,LSTM,FAILED,0.0,0.0,166.9628,1,3,0,9.613078
2026-07-04 18:09:16,dynamic,task-0286,LSTM,FAILED,0.0,0.0,12213.495,1,3,0,9.613078
2026-07-04 18:09:17,dynamic,task-0140-map-1,RNN,FAILED,0.0,0.0,12784.5898,1,4,0,9.612636
2026-07-04 18:09:17,dynamic,task-0286,LSTM,FAILED,0.0,0.0,12214.4964,1,4,0,9.612636
2026-07-04 18:09:17,dynamic,task-0087,RNN,FAILED,0.0,0.0,13015.8301,1,4,0,9.612636
2026-07-04 18:09:17,dynamic,task-0025,LSTM,FAILED,0.0,0.0,13172.4,1,4,0,9.612636
2026-07-04 18:09:17,dynamic,task-0294-map-1,LSTM,FAILED,0.0,0.0,167.9865,1,4,0,9.612636
2026-07-04 18:09:18,dynamic,task-0087,RNN,FAILED,0.0,0.0,13016.8245,1,4,0,9.612194
2026-07-04 18:09:18,dynamic,task-0140-map-1,RNN,FAILED,0.0,0.0,12785.6014,1,4,0,9.612194
2026-07-04 18:09:18,dynamic,task-0294-map-1,LSTM,FAILED,0.0,0.0,168.993,1,4,0,9.612194
2026-07-04 18:09:18,dynamic,task-0286,LSTM,FAILED,0.0,0.0,12215.5248,1,4,0,9.612194
2026-07-04 18:09:18,dynamic,task-0025,LSTM,FAILED,0.0,0.0,13173.433,1,4,0,9.612194
2026-07-04 18:09:19,dynamic,task-0025,LSTM,FAILED,0.0,0.0,13174.4145,1,4,0,9.611753
2026-07-04 18:09:19,dynamic,task-0294-map-1,LSTM,FAILED,0.0,0.0,169.9951,1,4,0,9.611753
2026-07-04 18:09:19,dynamic,task-0140-map-1,RNN,FAILED,0.0,0.0,12786.607,1,4,0,9.611753
2026-07-04 18:09:19,dynamic,task-0286,LSTM,FAILED,0.0,0.0,12216.5209,1,4,0,9.611753
2026-07-04 18:09:19,dynamic,task-0087,RNN,FAILED,0.0,0.0,13017.8558,1,4,0,9.611753
2026-07-04 18:09:20,dynamic,task-0286,LSTM,FAILED,0.0,0.0,12217.5137,1,4,0,9.611311
2026-07-04 18:09:20,dynamic,task-0140-map-1,RNN,FAILED,0.0,0.0,12787.6017,1,4,0,9.611311
2026-07-04 18:09:20,dynamic,task-0087,RNN,FAILED,0.0,0.0,13018.8374,1,4,0,9.611311
2026-07-04 18:09:20,dynamic,task-0294-map-1,LSTM,FAILED,0.0,0.0,170.9994,1,4,0,9.611311
2026-07-04 18:09:20,dynamic,task-0025,LSTM,FAILED,0.0,0.0,13175.4376,1,4,0,9.611311
2026-07-04 18:09:21,dynamic,task-0025,LSTM,FAILED,0.0,0.0,13176.4272,1,4,0,9.610869
2026-07-04 18:09:21,dynamic,task-0140-map-1,RNN,FAILED,0.0,0.0,12788.6291,1,4,0,9.610869
2026-07-04 18:09:21,dynamic,task-0294-map-1,LSTM,FAILED,0.0,0.0,172.0053,1,4,0,9.610869
2026-07-04 18:09:21,dynamic,task-0087,RNN,FAILED,0.0,0.0,13019.8678,1,4,0,9.610869
2026-07-04 18:09:21,dynamic,task-0286,LSTM,FAILED,0.0,0.0,12218.5187,1,4,0,9.610869
2026-07-04 18:09:22,dynamic,task-0286,LSTM,FAILED,0.0,0.0,12219.5178,1,4,0,9.610428
2026-07-04 18:09:22,dynamic,task-0025,LSTM,FAILED,0.0,0.0,13177.4419,1,4,0,9.610428
2026-07-04 18:09:22,dynamic,task-0294-map-1,LSTM,FAILED,0.0,0.0,173.015,1,4,0,9.610428
2026-07-04 18:09:22,dynamic,task-0087,RNN,FAILED,0.0,0.0,13020.8696,1,4,0,9.610428
2026-07-04 18:09:22,dynamic,task-0140-map-1,RNN,FAILED,0.0,0.0,12789.6214,1,4,0,9.610428
2026-07-04 18:09:23,dynamic,task-0286,LSTM,FAILED,0.0,0.0,12220.5785,1,4,0,9.609986
2026-07-04 18:09:23,dynamic,task-0294-map-1,LSTM,FAILED,0.0,0.0,174.0409,1,4,0,9.609986
2026-07-04 18:09:23,dynamic,task-0140-map-1,RNN,FAILED,0.0,0.0,12790.6425,1,4,0,9.609986
2026-07-04 18:09:23,dynamic,task-0087,RNN,FAILED,0.0,0.0,13021.8813,1,4,0,9.609986
2026-07-04 18:09:23,dynamic,task-0025,LSTM,FAILED,0.0,0.0,13178.4825,1,4,0,9.609986
2026-07-04 18:09:26,dynamic,task-0286,LSTM,FAILED,0.0,0.0,12223.588,1,4,0,9.609544
2026-07-04 18:09:26,dynamic,task-0140-map-1,RNN,FAILED,0.0,0.0,12793.7017,1,4,0,9.609544
2026-07-04 18:09:26,dynamic,task-0294-map-1,LSTM,FAILED,0.0,0.0,177.075,1,4,0,9.609544
2026-07-04 18:09:26,dynamic,task-0087,RNN,FAILED,0.0,0.0,13024.9101,1,4,0,9.609544
2026-07-04 18:09:26,dynamic,task-0025,LSTM,FAILED,0.0,0.0,13181.5244,1,4,0,9.609544
2026-07-04 18:09:27,dynamic,task-0025,LSTM,FAILED,0.0,0.0,13182.4791,1,4,0,9.609103
2026-07-04 18:09:27,dynamic,task-0286,LSTM,FAILED,0.0,0.0,12224.85,1,4,0,9.609103
2026-07-04 18:09:27,dynamic,task-0087,RNN,FAILED,0.0,0.0,13026.237,1,4,0,9.609103
2026-07-04 18:09:27,dynamic,task-0140-map-1,RNN,FAILED,0.0,0.0,12795.0684,1,4,0,9.609103
2026-07-04 18:09:27,dynamic,task-0294-map-1,LSTM,FAILED,0.0,0.0,178.503,1,4,0,9.609103
2026-07-04 18:09:40,dynamic,task-0294-map-1,LSTM,FAILED,0.0,0.0,191.298,1,0,0,9.609103
2026-07-04 18:09:43,dynamic,task-0294-map-1,LSTM,FAILED,0.0,0.0,194.1087,1,1,0,9.608906
2026-07-04 18:09:43,dynamic,task-0140-map-1,RNN,FAILED,0.0,0.0,12810.7391,1,1,0,9.608906
2026-07-04 18:09:46,dynamic,task-0140-map-1,RNN,FAILED,0.0,0.0,12813.8021,1,3,0,9.608647
2026-07-04 18:09:46,dynamic,task-0294-map-1,LSTM,FAILED,0.0,0.0,197.2029,1,3,0,9.608647
2026-07-04 18:09:46,dynamic,task-0286,LSTM,FAILED,0.0,0.0,12243.7111,1,3,0,9.608647
2026-07-04 18:09:46,dynamic,task-0087,RNN,FAILED,0.0,0.0,13045.0452,1,3,0,9.608647
2026-07-04 18:09:47,dynamic,task-0140-map-1,RNN,FAILED,0.0,0.0,12814.7808,1,3,0,9.608267
2026-07-04 18:09:47,dynamic,task-0087,RNN,FAILED,0.0,0.0,13046.0223,1,3,0,9.608267
2026-07-04 18:09:47,dynamic,task-0286,LSTM,FAILED,0.0,0.0,12244.7002,1,3,0,9.608267
2026-07-04 18:09:47,dynamic,task-0294-map-1,LSTM,FAILED,0.0,0.0,198.1875,1,3,0,9.608267
2026-07-04 18:09:48,dynamic,task-0294-map-1,LSTM,FAILED,0.0,0.0,199.1689,1,3,0,9.607886
2026-07-04 18:09:48,dynamic,task-0286,LSTM,FAILED,0.0,0.0,12245.6996,1,3,0,9.607886
2026-07-04 18:09:48,dynamic,task-0087,RNN,FAILED,0.0,0.0,13047.023,1,3,0,9.607886
2026-07-04 18:09:48,dynamic,task-0140-map-1,RNN,FAILED,0.0,0.0,12815.8046,1,3,0,9.607886
2026-07-04 18:09:49,dynamic,task-0087,RNN,FAILED,0.0,0.0,13048.0247,1,4,0,9.607444
2026-07-04 18:09:49,dynamic,task-0025,LSTM,FAILED,0.0,0.0,13204.6183,1,4,0,9.607444
2026-07-04 18:09:49,dynamic,task-0294-map-1,LSTM,FAILED,0.0,0.0,200.1904,1,4,0,9.607444
2026-07-04 18:09:49,dynamic,task-0286,LSTM,FAILED,0.0,0.0,12246.7151,1,4,0,9.607444
2026-07-04 18:09:49,dynamic,task-0140-map-1,RNN,FAILED,0.0,0.0,12816.8191,1,4,0,9.607444
2026-07-04 18:09:50,dynamic,task-0294-map-1,LSTM,FAILED,0.0,0.0,201.1772,1,3,0,9.607064
2026-07-04 18:09:50,dynamic,task-0286,LSTM,FAILED,0.0,0.0,12247.702,1,3,0,9.607064
2026-07-04 18:09:50,dynamic,task-0025,LSTM,FAILED,0.0,0.0,13205.6207,1,3,0,9.607064
2026-07-04 18:09:50,dynamic,task-0140-map-1,RNN,FAILED,0.0,0.0,12817.8135,1,3,0,9.607064
2026-07-04 18:09:51,dynamic,task-0140-map-1,RNN,FAILED,0.0,0.0,12818.8139,1,3,0,9.606683
2026-07-04 18:09:51,dynamic,task-0025,LSTM,FAILED,0.0,0.0,13206.6168,1,3,0,9.606683
2026-07-04 18:09:51,dynamic,task-0294-map-1,LSTM,FAILED,0.0,0.0,202.1906,1,3,0,9.606683
2026-07-04 18:09:51,dynamic,task-0286,LSTM,FAILED,0.0,0.0,12248.7207,1,3,0,9.606683
2026-07-04 18:09:52,dynamic,task-0294-map-1,LSTM,FAILED,0.0,0.0,203.219,1,3,0,9.606303
2026-07-04 18:09:52,dynamic,task-0286,LSTM,FAILED,0.0,0.0,12249.7303,1,3,0,9.606303
2026-07-04 18:09:52,dynamic,task-0025,LSTM,FAILED,0.0,0.0,13207.6594,1,3,0,9.606303
2026-07-04 18:09:52,dynamic,task-0140-map-1,RNN,FAILED,0.0,0.0,12819.8521,1,3,0,9.606303
2026-07-04 18:09:53,dynamic,task-0025,LSTM,FAILED,0.0,0.0,13208.6514,1,3,0,9.605922
2026-07-04 18:09:53,dynamic,task-0140-map-1,RNN,FAILED,0.0,0.0,12820.8453,1,3,0,9.605922
2026-07-04 18:09:53,dynamic,task-0294-map-1,LSTM,FAILED,0.0,0.0,204.2369,1,3,0,9.605922
2026-07-04 18:09:53,dynamic,task-0286,LSTM,FAILED,0.0,0.0,12250.7649,1,3,0,9.605922
2026-07-04 18:09:54,dynamic,task-0294-map-1,LSTM,FAILED,0.0,0.0,205.2146,1,3,0,9.605542
2026-07-04 18:09:54,dynamic,task-0140-map-1,RNN,FAILED,0.0,0.0,12821.8392,1,3,0,9.605542
2026-07-04 18:09:54,dynamic,task-0286,LSTM,FAILED,0.0,0.0,12251.7475,1,3,0,9.605542
2026-07-04 18:09:54,dynamic,task-0025,LSTM,FAILED,0.0,0.0,13209.6677,1,3,0,9.605542
2026-07-04 18:09:55,dynamic,task-0286,LSTM,FAILED,0.0,0.0,12252.751,1,3,0,9.605161
2026-07-04 18:09:55,dynamic,task-0294-map-1,LSTM,FAILED,0.0,0.0,206.2418,1,3,0,9.605161
2026-07-04 18:09:55,dynamic,task-0140-map-1,RNN,FAILED,0.0,0.0,12822.8693,1,3,0,9.605161
2026-07-04 18:09:55,dynamic,task-0025,LSTM,FAILED,0.0,0.0,13210.6945,1,3,0,9.605161
2026-07-04 18:09:58,dynamic,task-0140-map-1,RNN,FAILED,0.0,0.0,12826.01,1,3,0,9.604781
2026-07-04 18:09:58,dynamic,task-0294-map-1,LSTM,FAILED,0.0,0.0,209.4136,1,3,0,9.604781
2026-07-04 18:09:58,dynamic,task-0025,LSTM,FAILED,0.0,0.0,13213.8358,1,3,0,9.604781
2026-07-04 18:09:58,dynamic,task-0286,LSTM,FAILED,0.0,0.0,12255.9427,1,3,0,9.604781
2026-07-04 18:09:59,dynamic,task-0294-map-1,LSTM,FAILED,0.0,0.0,210.3851,1,3,0,9.6044
2026-07-04 18:09:59,dynamic,task-0286,LSTM,FAILED,0.0,0.0,12256.9151,1,3,0,9.6044
2026-07-04 18:09:59,dynamic,task-0025,LSTM,FAILED,0.0,0.0,13214.8372,1,3,0,9.6044
2026-07-04 18:09:59,dynamic,task-0140-map-1,RNN,FAILED,0.0,0.0,12827.0312,1,3,0,9.6044
2026-07-04 18:10:00,dynamic,task-0294-map-1,LSTM,FAILED,0.0,0.0,211.4169,1,3,0,9.604019
2026-07-04 18:10:00,dynamic,task-0286,LSTM,FAILED,0.0,0.0,12257.9598,1,3,0,9.604019
2026-07-04 18:10:00,dynamic,task-0140-map-1,RNN,FAILED,0.0,0.0,12828.0466,1,3,0,9.604019
2026-07-04 18:10:00,dynamic,task-0025,LSTM,FAILED,0.0,0.0,13215.8838,1,3,0,9.604019
2026-07-04 18:10:01,dynamic,task-0140-map-1,RNN,FAILED,0.0,0.0,12829.0314,1,3,0,9.603639
2026-07-04 18:10:01,dynamic,task-0025,LSTM,FAILED,0.0,0.0,13216.8634,1,3,0,9.603639
2026-07-04 18:10:01,dynamic,task-0294-map-1,LSTM,FAILED,0.0,0.0,212.4395,1,3,0,9.603639
2026-07-04 18:10:01,dynamic,task-0286,LSTM,FAILED,0.0,0.0,12258.969,1,3,0,9.603639
2026-07-04 18:10:02,dynamic,task-0140-map-1,RNN,FAILED,0.0,0.0,12830.0325,1,3,0,9.603258
2026-07-04 18:10:02,dynamic,task-0294-map-1,LSTM,FAILED,0.0,0.0,213.4379,1,3,0,9.603258
2026-07-04 18:10:02,dynamic,task-0286,LSTM,FAILED,0.0,0.0,12259.9447,1,3,0,9.603258
2026-07-04 18:10:02,dynamic,task-0025,LSTM,FAILED,0.0,0.0,13217.8827,1,3,0,9.603258
2026-07-04 18:10:06,dynamic,task-0025,LSTM,FAILED,0.0,0.0,13221.9047,1,1,0,9.602939
2026-07-04 18:10:06,dynamic,task-0286,LSTM,FAILED,0.0,0.0,12263.984,1,1,0,9.602939
2026-07-04 18:10:10,dynamic,task-0294-map-1,LSTM,FAILED,0.0,0.0,221.0767,1,2,0,9.602681
2026-07-04 18:10:10,dynamic,task-0286,LSTM,FAILED,0.0,0.0,12267.5818,1,2,0,9.602681
2026-07-04 18:10:10,dynamic,task-0025,LSTM,FAILED,0.0,0.0,13225.5029,1,2,0,9.602681
2026-07-04 18:10:11,dynamic,task-0286,LSTM,FAILED,0.0,0.0,12268.6217,1,3,0,9.6023
2026-07-04 18:10:11,dynamic,task-0294-map-1,LSTM,FAILED,0.0,0.0,222.0963,1,3,0,9.6023
2026-07-04 18:10:11,dynamic,task-0025,LSTM,FAILED,0.0,0.0,13226.523,1,3,0,9.6023
2026-07-04 18:10:11,dynamic,task-0140-map-1,RNN,FAILED,0.0,0.0,12838.6965,1,3,0,9.6023
2026-07-04 18:10:12,dynamic,task-0140-map-1,RNN,FAILED,0.0,0.0,12839.706,1,4,0,9.601858
2026-07-04 18:10:12,dynamic,task-0087,RNN,FAILED,0.0,0.0,13070.9314,1,4,0,9.601858
2026-07-04 18:10:12,dynamic,task-0025,LSTM,FAILED,0.0,0.0,13227.5314,1,4,0,9.601858
2026-07-04 18:10:12,dynamic,task-0286,LSTM,FAILED,0.0,0.0,12269.6129,1,4,0,9.601858
2026-07-04 18:10:12,dynamic,task-0294-map-1,LSTM,FAILED,0.0,0.0,223.0776,1,4,0,9.601858
2026-07-04 18:10:13,dynamic,task-0286,LSTM,FAILED,0.0,0.0,12270.6373,1,4,0,9.601417
2026-07-04 18:10:13,dynamic,task-0294-map-1,LSTM,FAILED,0.0,0.0,224.1314,1,4,0,9.601417
2026-07-04 18:10:13,dynamic,task-0140-map-1,RNN,FAILED,0.0,0.0,12840.7267,1,4,0,9.601417
2026-07-04 18:10:13,dynamic,task-0025,LSTM,FAILED,0.0,0.0,13228.5573,1,4,0,9.601417
2026-07-04 18:10:13,dynamic,task-0087,RNN,FAILED,0.0,0.0,13071.9861,1,4,0,9.601417
2026-07-04 18:10:14,dynamic,task-0140-map-1,RNN,FAILED,0.0,0.0,12841.7469,1,4,0,9.600975
2026-07-04 18:10:14,dynamic,task-0294-map-1,LSTM,FAILED,0.0,0.0,225.1544,1,4,0,9.600975
2026-07-04 18:10:14,dynamic,task-0025,LSTM,FAILED,0.0,0.0,13229.609,1,4,0,9.600975
2026-07-04 18:10:14,dynamic,task-0286,LSTM,FAILED,0.0,0.0,12271.6865,1,4,0,9.600975
2026-07-04 18:10:14,dynamic,task-0087,RNN,FAILED,0.0,0.0,13073.0344,1,4,0,9.600975
2026-07-04 18:10:15,dynamic,task-0294-map-1,LSTM,FAILED,0.0,0.0,226.1474,1,4,0,9.600533
2026-07-04 18:10:15,dynamic,task-0286,LSTM,FAILED,0.0,0.0,12272.6893,1,4,0,9.600533
2026-07-04 18:10:15,dynamic,task-0025,LSTM,FAILED,0.0,0.0,13230.6247,1,4,0,9.600533
2026-07-04 18:10:15,dynamic,task-0140-map-1,RNN,FAILED,0.0,0.0,12842.7984,1,4,0,9.600533
2026-07-04 18:10:15,dynamic,task-0087,RNN,FAILED,0.0,0.0,13074.0517,1,4,0,9.600533
2026-07-04 18:10:16,dynamic,task-0087,RNN,FAILED,0.0,0.0,13075.0359,1,4,0,9.600092
2026-07-04 18:10:16,dynamic,task-0294-map-1,LSTM,FAILED,0.0,0.0,227.177,1,4,0,9.600092
2026-07-04 18:10:16,dynamic,task-0140-map-1,RNN,FAILED,0.0,0.0,12843.7828,1,4,0,9.600092
2026-07-04 18:10:16,dynamic,task-0025,LSTM,FAILED,0.0,0.0,13231.6385,1,4,0,9.600092
2026-07-04 18:10:16,dynamic,task-0286,LSTM,FAILED,0.0,0.0,12273.7159,1,4,0,9.600092
2026-07-04 18:10:17,dynamic,task-0286,LSTM,FAILED,0.0,0.0,12274.6571,1,4,0,9.59965
2026-07-04 18:10:17,dynamic,task-0294-map-1,LSTM,FAILED,0.0,0.0,228.1457,1,4,0,9.59965
2026-07-04 18:10:17,dynamic,task-0140-map-1,RNN,FAILED,0.0,0.0,12844.771,1,4,0,9.59965
2026-07-04 18:10:17,dynamic,task-0025,LSTM,FAILED,0.0,0.0,13232.5633,1,4,0,9.59965
2026-07-04 18:10:17,dynamic,task-0087,RNN,FAILED,0.0,0.0,13076.0088,1,4,0,9.59965
2026-07-04 18:10:18,dynamic,task-0087,RNN,FAILED,0.0,0.0,13076.9993,1,4,0,9.599208
2026-07-04 18:10:18,dynamic,task-0025,LSTM,FAILED,0.0,0.0,13233.6256,1,4,0,9.599208
2026-07-04 18:10:18,dynamic,task-0140-map-1,RNN,FAILED,0.0,0.0,12845.827,1,4,0,9.599208
2026-07-04 18:10:18,dynamic,task-0286,LSTM,FAILED,0.0,0.0,12275.721,1,4,0,9.599208
2026-07-04 18:10:18,dynamic,task-0294-map-1,LSTM,FAILED,0.0,0.0,229.2188,1,4,0,9.599208
2026-07-04 18:10:19,dynamic,task-0140-map-1,RNN,FAILED,0.0,0.0,12846.7818,1,4,0,9.598767
2026-07-04 18:10:19,dynamic,task-0294-map-1,LSTM,FAILED,0.0,0.0,230.1863,1,4,0,9.598767
2026-07-04 18:10:19,dynamic,task-0087,RNN,FAILED,0.0,0.0,13078.0528,1,4,0,9.598767
2026-07-04 18:10:19,dynamic,task-0025,LSTM,FAILED,0.0,0.0,13234.6094,1,4,0,9.598767
2026-07-04 18:10:19,dynamic,task-0286,LSTM,FAILED,0.0,0.0,12276.7146,1,4,0,9.598767
2026-07-04 18:10:20,dynamic,task-0087,RNN,FAILED,0.0,0.0,13079.0376,1,4,0,9.598325
2026-07-04 18:10:20,dynamic,task-0025,LSTM,FAILED,0.0,0.0,13235.5959,1,4,0,9.598325
2026-07-04 18:10:20,dynamic,task-0286,LSTM,FAILED,0.0,0.0,12277.727,1,4,0,9.598325
2026-07-04 18:10:20,dynamic,task-0294-map-1,LSTM,FAILED,0.0,0.0,231.1988,1,4,0,9.598325
2026-07-04 18:10:20,dynamic,task-0140-map-1,RNN,FAILED,0.0,0.0,12847.8348,1,4,0,9.598325
2026-07-04 18:10:21,dynamic,task-0140-map-1,RNN,FAILED,0.0,0.0,12848.8437,1,4,0,9.597883
2026-07-04 18:10:21,dynamic,task-0294-map-1,LSTM,FAILED,0.0,0.0,232.2179,1,4,0,9.597883
2026-07-04 18:10:21,dynamic,task-0087,RNN,FAILED,0.0,0.0,13080.0574,1,4,0,9.597883
2026-07-04 18:10:21,dynamic,task-0025,LSTM,FAILED,0.0,0.0,13236.6661,1,4,0,9.597883
2026-07-04 18:10:21,dynamic,task-0286,LSTM,FAILED,0.0,0.0,12278.7595,1,4,0,9.597883
2026-07-04 18:10:22,dynamic,task-0140-map-1,RNN,FAILED,0.0,0.0,12849.8172,1,4,0,9.597442
2026-07-04 18:10:22,dynamic,task-0286,LSTM,FAILED,0.0,0.0,12279.7353,1,4,0,9.597442
2026-07-04 18:10:22,dynamic,task-0025,LSTM,FAILED,0.0,0.0,13237.6677,1,4,0,9.597442
2026-07-04 18:10:22,dynamic,task-0087,RNN,FAILED,0.0,0.0,13081.0744,1,4,0,9.597442
2026-07-04 18:10:22,dynamic,task-0294-map-1,LSTM,FAILED,0.0,0.0,233.2459,1,4,0,9.597442
2026-07-04 18:10:23,dynamic,task-0025,LSTM,FAILED,0.0,0.0,13238.6573,1,4,0,9.597
2026-07-04 18:10:23,dynamic,task-0140-map-1,RNN,FAILED,0.0,0.0,12850.866,1,4,0,9.597
2026-07-04 18:10:23,dynamic,task-0294-map-1,LSTM,FAILED,0.0,0.0,234.2379,1,4,0,9.597
2026-07-04 18:10:23,dynamic,task-0286,LSTM,FAILED,0.0,0.0,12280.7773,1,4,0,9.597
2026-07-04 18:10:23,dynamic,task-0087,RNN,FAILED,0.0,0.0,13082.1159,1,4,0,9.597
2026-07-04 18:10:24,dynamic,task-0286,LSTM,FAILED,0.0,0.0,12281.7538,1,4,0,9.596558
2026-07-04 18:10:24,dynamic,task-0140-map-1,RNN,FAILED,0.0,0.0,12851.8848,1,4,0,9.596558
2026-07-04 18:10:24,dynamic,task-0087,RNN,FAILED,0.0,0.0,13083.0916,1,4,0,9.596558
2026-07-04 18:10:24,dynamic,task-0294-map-1,LSTM,FAILED,0.0,0.0,235.2596,1,4,0,9.596558
2026-07-04 18:10:24,dynamic,task-0025,LSTM,FAILED,0.0,0.0,13239.6838,1,4,0,9.596558
2026-07-04 18:10:25,dynamic,task-0294-map-1,LSTM,FAILED,0.0,0.0,236.2286,1,4,0,9.596117
2026-07-04 18:10:25,dynamic,task-0025,LSTM,FAILED,0.0,0.0,13240.6698,1,4,0,9.596117
2026-07-04 18:10:25,dynamic,task-0140-map-1,RNN,FAILED,0.0,0.0,12852.8614,1,4,0,9.596117
2026-07-04 18:10:25,dynamic,task-0286,LSTM,FAILED,0.0,0.0,12282.7786,1,4,0,9.596117
2026-07-04 18:10:25,dynamic,task-0087,RNN,FAILED,0.0,0.0,13084.1009,1,4,0,9.596117
2026-07-04 18:10:26,dynamic,task-0087,RNN,FAILED,0.0,0.0,13085.1292,1,4,0,9.595675
2026-07-04 18:10:26,dynamic,task-0025,LSTM,FAILED,0.0,0.0,13241.7299,1,4,0,9.595675
2026-07-04 18:10:26,dynamic,task-0294-map-1,LSTM,FAILED,0.0,0.0,237.3085,1,4,0,9.595675
2026-07-04 18:10:26,dynamic,task-0140-map-1,RNN,FAILED,0.0,0.0,12853.9358,1,4,0,9.595675
2026-07-04 18:10:26,dynamic,task-0286,LSTM,FAILED,0.0,0.0,12283.846,1,4,0,9.595675
2026-07-04 18:10:27,dynamic,task-0294-map-1,LSTM,FAILED,0.0,0.0,238.2589,1,4,0,9.595233
2026-07-04 18:10:27,dynamic,task-0025,LSTM,FAILED,0.0,0.0,13242.6992,1,4,0,9.595233
2026-07-04 18:10:27,dynamic,task-0286,LSTM,FAILED,0.0,0.0,12284.7689,1,4,0,9.595233
2026-07-04 18:10:27,dynamic,task-0087,RNN,FAILED,0.0,0.0,13086.1225,1,4,0,9.595233
2026-07-04 18:10:27,dynamic,task-0140-map-1,RNN,FAILED,0.0,0.0,12854.9012,1,4,0,9.595233
2026-07-04 18:10:30,dynamic,task-0294-map-1,LSTM,FAILED,0.0,0.0,241.4644,1,4,0,9.594792
2026-07-04 18:10:30,dynamic,task-0025,LSTM,FAILED,0.0,0.0,13245.865,1,4,0,9.594792
2026-07-04 18:10:30,dynamic,task-0087,RNN,FAILED,0.0,0.0,13089.3046,1,4,0,9.594792
2026-07-04 18:10:30,dynamic,task-0286,LSTM,FAILED,0.0,0.0,12287.9682,1,4,0,9.594792
2026-07-04 18:10:30,dynamic,task-0140-map-1,RNN,FAILED,0.0,0.0,12858.0581,1,4,0,9.594792
2026-07-04 18:10:31,dynamic,task-0294-map-1,LSTM,FAILED,0.0,0.0,242.4633,1,4,0,9.59435
2026-07-04 18:10:31,dynamic,task-0140-map-1,RNN,FAILED,0.0,0.0,12859.0658,1,4,0,9.59435
2026-07-04 18:10:31,dynamic,task-0087,RNN,FAILED,0.0,0.0,13090.3193,1,4,0,9.59435
2026-07-04 18:10:31,dynamic,task-0286,LSTM,FAILED,0.0,0.0,12288.9981,1,4,0,9.59435
2026-07-04 18:10:31,dynamic,task-0025,LSTM,FAILED,0.0,0.0,13246.8878,1,4,0,9.59435
2026-07-04 18:10:32,dynamic,task-0140-map-1,RNN,FAILED,0.0,0.0,12860.0641,1,4,0,9.593908
2026-07-04 18:10:32,dynamic,task-0087,RNN,FAILED,0.0,0.0,13091.3115,1,4,0,9.593908
2026-07-04 18:10:32,dynamic,task-0025,LSTM,FAILED,0.0,0.0,13247.8885,1,4,0,9.593908
2026-07-04 18:10:32,dynamic,task-0286,LSTM,FAILED,0.0,0.0,12289.9905,1,4,0,9.593908
2026-07-04 18:10:32,dynamic,task-0294-map-1,LSTM,FAILED,0.0,0.0,243.4796,1,4,0,9.593908
2026-07-04 18:10:33,dynamic,task-0294-map-1,LSTM,FAILED,0.0,0.0,244.4909,1,4,0,9.593467
2026-07-04 18:10:33,dynamic,task-0140-map-1,RNN,FAILED,0.0,0.0,12861.0972,1,4,0,9.593467
2026-07-04 18:10:33,dynamic,task-0025,LSTM,FAILED,0.0,0.0,13248.9328,1,4,0,9.593467
2026-07-04 18:10:33,dynamic,task-0087,RNN,FAILED,0.0,0.0,13092.3195,1,4,0,9.593467
2026-07-04 18:10:33,dynamic,task-0286,LSTM,FAILED,0.0,0.0,12290.9822,1,4,0,9.593467
2026-07-04 18:10:34,dynamic,task-0087,RNN,FAILED,0.0,0.0,13093.3492,1,4,0,9.593025
2026-07-04 18:10:34,dynamic,task-0294-map-1,LSTM,FAILED,0.0,0.0,245.4834,1,4,0,9.593025
2026-07-04 18:10:34,dynamic,task-0025,LSTM,FAILED,0.0,0.0,13249.9614,1,4,0,9.593025
2026-07-04 18:10:34,dynamic,task-0286,LSTM,FAILED,0.0,0.0,12292.0281,1,4,0,9.593025
2026-07-04 18:10:34,dynamic,task-0140-map-1,RNN,FAILED,0.0,0.0,12862.1096,1,4,0,9.593025
2026-07-04 18:10:35,dynamic,task-0286,LSTM,FAILED,0.0,0.0,12293.0266,1,4,0,9.592583
2026-07-04 18:10:35,dynamic,task-0294-map-1,LSTM,FAILED,0.0,0.0,246.5289,1,4,0,9.592583
2026-07-04 18:10:35,dynamic,task-0140-map-1,RNN,FAILED,0.0,0.0,12863.1372,1,4,0,9.592583
2026-07-04 18:10:35,dynamic,task-0087,RNN,FAILED,0.0,0.0,13094.3878,1,4,0,9.592583
2026-07-04 18:10:35,dynamic,task-0025,LSTM,FAILED,0.0,0.0,13250.9847,1,4,0,9.592583
2026-07-04 18:10:36,dynamic,task-0025,LSTM,FAILED,0.0,0.0,13251.938,1,4,0,9.592142
2026-07-04 18:10:36,dynamic,task-0286,LSTM,FAILED,0.0,0.0,12294.0102,1,4,0,9.592142
2026-07-04 18:10:36,dynamic,task-0294-map-1,LSTM,FAILED,0.0,0.0,247.5129,1,4,0,9.592142
2026-07-04 18:10:36,dynamic,task-0140-map-1,RNN,FAILED,0.0,0.0,12864.1388,1,4,0,9.592142
2026-07-04 18:10:36,dynamic,task-0087,RNN,FAILED,0.0,0.0,13095.3465,1,4,0,9.592142
2026-07-04 18:10:37,dynamic,task-0294-map-1,LSTM,FAILED,0.0,0.0,248.499,1,4,0,9.5917
2026-07-04 18:10:37,dynamic,task-0087,RNN,FAILED,0.0,0.0,13096.3784,1,4,0,9.5917
2026-07-04 18:10:37,dynamic,task-0286,LSTM,FAILED,0.0,0.0,12295.0357,1,4,0,9.5917
2026-07-04 18:10:37,dynamic,task-0025,LSTM,FAILED,0.0,0.0,13252.9918,1,4,0,9.5917
2026-07-04 18:10:37,dynamic,task-0140-map-1,RNN,FAILED,0.0,0.0,12865.1615,1,4,0,9.5917
2026-07-04 18:10:38,dynamic,task-0286,LSTM,FAILED,0.0,0.0,12296.0468,1,3,0,9.591319
2026-07-04 18:10:38,dynamic,task-0025,LSTM,FAILED,0.0,0.0,13253.9734,1,3,0,9.591319
2026-07-04 18:10:38,dynamic,task-0140-map-1,RNN,FAILED,0.0,0.0,12866.1669,1,3,0,9.591319
2026-07-04 18:10:38,dynamic,task-0294-map-1,LSTM,FAILED,0.0,0.0,249.5595,1,3,0,9.591319
2026-07-04 18:10:42,dynamic,task-0140-map-1,RNN,FAILED,0.0,0.0,12870.1004,1,1,0,9.591
2026-07-04 18:10:42,dynamic,task-0294-map-1,LSTM,FAILED,0.0,0.0,253.4893,1,1,0,9.591
2026-07-04 18:10:45,dynamic,task-0025,LSTM,FAILED,0.0,0.0,13260.2553,1,2,0,9.590742
2026-07-04 18:10:45,dynamic,task-0140-map-1,RNN,FAILED,0.0,0.0,12872.447,1,2,0,9.590742
2026-07-04 18:10:45,dynamic,task-0294-map-1,LSTM,FAILED,0.0,0.0,255.8372,1,2,0,9.590742
2026-07-04 18:10:47,dynamic,task-0294-map-1,LSTM,FAILED,0.0,0.0,258.0155,1,3,0,9.590422
2026-07-04 18:10:47,dynamic,task-0140-map-1,RNN,FAILED,0.0,0.0,12874.6453,1,3,0,9.590422
2026-07-04 18:10:47,dynamic,task-0025,LSTM,FAILED,0.0,0.0,13262.4547,1,3,0,9.590422
2026-07-04 18:10:47,dynamic,task-0286,LSTM,FAILED,0.0,0.0,12304.5526,1,3,0,9.590422
2026-07-04 18:10:48,dynamic,task-0025,LSTM,FAILED,0.0,0.0,13263.4617,1,3,0,9.590042
2026-07-04 18:10:48,dynamic,task-0286,LSTM,FAILED,0.0,0.0,12305.5547,1,3,0,9.590042
2026-07-04 18:10:48,dynamic,task-0294-map-1,LSTM,FAILED,0.0,0.0,259.0411,1,3,0,9.590042
2026-07-04 18:10:48,dynamic,task-0140-map-1,RNN,FAILED,0.0,0.0,12875.6669,1,3,0,9.590042
2026-07-04 18:10:49,dynamic,task-0286,LSTM,FAILED,0.0,0.0,12306.56,1,4,0,9.589661
2026-07-04 18:10:49,dynamic,task-0025,LSTM,FAILED,0.0,0.0,13264.4802,1,4,0,9.589661
2026-07-04 18:10:49,dynamic,task-0294-map-1,LSTM,FAILED,0.0,0.0,260.0535,1,4,0,9.589661
2026-07-04 18:10:49,dynamic,task-0140-map-1,RNN,FAILED,0.0,0.0,12876.6786,1,4,0,9.589661
2026-07-04 18:10:50,dynamic,task-0294-map-1,LSTM,FAILED,0.0,0.0,261.0315,1,4,0,9.589219
2026-07-04 18:10:50,dynamic,task-0025,LSTM,FAILED,0.0,0.0,13265.4748,1,4,0,9.589219
2026-07-04 18:10:50,dynamic,task-0286,LSTM,FAILED,0.0,0.0,12307.5714,1,4,0,9.589219
2026-07-04 18:10:50,dynamic,task-0140-map-1,RNN,FAILED,0.0,0.0,12877.6808,1,4,0,9.589219
2026-07-04 18:10:50,dynamic,task-0087,RNN,FAILED,0.0,0.0,13108.9057,1,4,0,9.589219
2026-07-04 18:10:51,dynamic,task-0140-map-1,RNN,FAILED,0.0,0.0,12878.665,1,4,0,9.588778
2026-07-04 18:10:51,dynamic,task-0286,LSTM,FAILED,0.0,0.0,12308.5797,1,4,0,9.588778
2026-07-04 18:10:51,dynamic,task-0294-map-1,LSTM,FAILED,0.0,0.0,262.0743,1,4,0,9.588778
2026-07-04 18:10:51,dynamic,task-0087,RNN,FAILED,0.0,0.0,13109.916,1,4,0,9.588778
2026-07-04 18:10:51,dynamic,task-0025,LSTM,FAILED,0.0,0.0,13266.5205,1,4,0,9.588778
2026-07-04 18:10:52,dynamic,task-0294-map-1,LSTM,FAILED,0.0,0.0,263.0622,1,3,0,9.588397
2026-07-04 18:10:52,dynamic,task-0087,RNN,FAILED,0.0,0.0,13110.9182,1,3,0,9.588397
2026-07-04 18:10:52,dynamic,task-0025,LSTM,FAILED,0.0,0.0,13267.5102,1,3,0,9.588397
2026-07-04 18:10:52,dynamic,task-0286,LSTM,FAILED,0.0,0.0,12309.6058,1,3,0,9.588397
2026-07-04 18:10:53,dynamic,task-0286,LSTM,FAILED,0.0,0.0,12310.6018,1,3,0,9.588017
2026-07-04 18:10:53,dynamic,task-0025,LSTM,FAILED,0.0,0.0,13268.5274,1,3,0,9.588017
2026-07-04 18:10:53,dynamic,task-0294-map-1,LSTM,FAILED,0.0,0.0,264.1069,1,3,0,9.588017
2026-07-04 18:10:53,dynamic,task-0087,RNN,FAILED,0.0,0.0,13111.9661,1,3,0,9.588017
2026-07-04 18:10:54,dynamic,task-0294-map-1,LSTM,FAILED,0.0,0.0,265.0989,1,3,0,9.587636
2026-07-04 18:10:54,dynamic,task-0286,LSTM,FAILED,0.0,0.0,12311.628,1,3,0,9.587636
2026-07-04 18:10:54,dynamic,task-0087,RNN,FAILED,0.0,0.0,13112.9666,1,3,0,9.587636
2026-07-04 18:10:54,dynamic,task-0025,LSTM,FAILED,0.0,0.0,13269.562,1,3,0,9.587636
2026-07-04 18:10:55,dynamic,task-0025,LSTM,FAILED,0.0,0.0,13270.5227,1,3,0,9.587256
2026-07-04 18:10:55,dynamic,task-0286,LSTM,FAILED,0.0,0.0,12312.6173,1,3,0,9.587256
2026-07-04 18:10:55,dynamic,task-0087,RNN,FAILED,0.0,0.0,13113.9538,1,3,0,9.587256
2026-07-04 18:10:55,dynamic,task-0294-map-1,LSTM,FAILED,0.0,0.0,266.1131,1,3,0,9.587256
2026-07-04 18:10:56,dynamic,task-0294-map-1,LSTM,FAILED,0.0,0.0,267.1053,1,3,0,9.586875
2026-07-04 18:10:56,dynamic,task-0087,RNN,FAILED,0.0,0.0,13114.9655,1,3,0,9.586875
2026-07-04 18:10:56,dynamic,task-0025,LSTM,FAILED,0.0,0.0,13271.5732,1,3,0,9.586875
2026-07-04 18:10:56,dynamic,task-0286,LSTM,FAILED,0.0,0.0,12313.6742,1,3,0,9.586875
2026-07-04 18:10:57,dynamic,task-0286,LSTM,FAILED,0.0,0.0,12314.6279,1,3,0,9.586494
2026-07-04 18:10:57,dynamic,task-0294-map-1,LSTM,FAILED,0.0,0.0,268.1163,1,3,0,9.586494
2026-07-04 18:10:57,dynamic,task-0025,LSTM,FAILED,0.0,0.0,13272.5573,1,3,0,9.586494
2026-07-04 18:10:57,dynamic,task-0087,RNN,FAILED,0.0,0.0,13115.9829,1,3,0,9.586494
2026-07-04 18:10:58,dynamic,task-0087,RNN,FAILED,0.0,0.0,13116.9727,1,3,0,9.586114
2026-07-04 18:10:58,dynamic,task-0294-map-1,LSTM,FAILED,0.0,0.0,269.1626,1,3,0,9.586114
2026-07-04 18:10:58,dynamic,task-0286,LSTM,FAILED,0.0,0.0,12315.6668,1,3,0,9.586114
2026-07-04 18:10:58,dynamic,task-0025,LSTM,FAILED,0.0,0.0,13273.5885,1,3,0,9.586114
2026-07-04 18:10:59,dynamic,task-0286,LSTM,FAILED,0.0,0.0,12316.6274,1,3,0,9.585733
2026-07-04 18:10:59,dynamic,task-0087,RNN,FAILED,0.0,0.0,13117.9615,1,3,0,9.585733
2026-07-04 18:10:59,dynamic,task-0294-map-1,LSTM,FAILED,0.0,0.0,270.1188,1,3,0,9.585733
2026-07-04 18:10:59,dynamic,task-0025,LSTM,FAILED,0.0,0.0,13274.5587,1,3,0,9.585733
2026-07-04 18:11:00,dynamic,task-0294-map-1,LSTM,FAILED,0.0,0.0,271.7307,1,3,0,9.585353
2026-07-04 18:11:00,dynamic,task-0025,LSTM,FAILED,0.0,0.0,13276.1869,1,3,0,9.585353
2026-07-04 18:11:00,dynamic,task-0286,LSTM,FAILED,0.0,0.0,12318.264,1,3,0,9.585353
2026-07-04 18:11:00,dynamic,task-0087,RNN,FAILED,0.0,0.0,13119.6112,1,3,0,9.585353
2026-07-04 18:11:03,dynamic,task-0286,LSTM,FAILED,0.0,0.0,12320.6216,1,3,0,9.584972
2026-07-04 18:11:03,dynamic,task-0087,RNN,FAILED,0.0,0.0,13121.9613,1,3,0,9.584972
2026-07-04 18:11:03,dynamic,task-0025,LSTM,FAILED,0.0,0.0,13278.5556,1,3,0,9.584972
2026-07-04 18:11:03,dynamic,task-0294-map-1,LSTM,FAILED,0.0,0.0,274.1313,1,3,0,9.584972
2026-07-04 18:11:04,dynamic,task-0025,LSTM,FAILED,0.0,0.0,13279.5306,1,3,0,9.584592
2026-07-04 18:11:04,dynamic,task-0286,LSTM,FAILED,0.0,0.0,12321.6388,1,3,0,9.584592
2026-07-04 18:11:04,dynamic,task-0294-map-1,LSTM,FAILED,0.0,0.0,275.1105,1,3,0,9.584592
2026-07-04 18:11:04,dynamic,task-0087,RNN,FAILED,0.0,0.0,13122.9775,1,3,0,9.584592
2026-07-04 18:11:05,dynamic,task-0087,RNN,FAILED,0.0,0.0,13123.9536,1,2,0,9.584211
2026-07-04 18:11:05,dynamic,task-0025,LSTM,FAILED,0.0,0.0,13280.5466,1,2,0,9.584211
2026-07-04 18:11:05,dynamic,task-0294-map-1,LSTM,FAILED,0.0,0.0,276.1201,1,2,0,9.584211
2026-07-04 18:11:05,dynamic,task-0286,LSTM,FAILED,0.0,0.0,12322.646,1,2,0,9.584211
2026-07-04 18:11:06,dynamic,task-0025,LSTM,FAILED,0.0,0.0,13281.5436,1,2,0,9.583892
2026-07-04 18:11:06,dynamic,task-0294-map-1,LSTM,FAILED,0.0,0.0,277.1023,1,2,0,9.583892
2026-07-04 18:11:06,dynamic,task-0286,LSTM,FAILED,0.0,0.0,12323.6135,1,2,0,9.583892
2026-07-04 18:11:11,dynamic,task-0286,LSTM,FAILED,0.0,0.0,12328.406,1,1,0,9.583633
2026-07-04 18:11:11,dynamic,task-0025,LSTM,FAILED,0.0,0.0,13286.3261,1,1,0,9.583633
2026-07-04 18:11:13,dynamic,task-0294-map-1,LSTM,FAILED,0.0,0.0,284.1158,1,3,0,9.583375
2026-07-04 18:11:13,dynamic,task-0087,RNN,FAILED,0.0,0.0,13131.9694,1,3,0,9.583375
2026-07-04 18:11:13,dynamic,task-0286,LSTM,FAILED,0.0,0.0,12330.6462,1,3,0,9.583375
2026-07-04 18:11:13,dynamic,task-0025,LSTM,FAILED,0.0,0.0,13288.5697,1,3,0,9.583375
2026-07-04 18:11:14,dynamic,task-0087,RNN,FAILED,0.0,0.0,13132.9775,1,3,0,9.582994
2026-07-04 18:11:14,dynamic,task-0025,LSTM,FAILED,0.0,0.0,13289.5734,1,3,0,9.582994
2026-07-04 18:11:14,dynamic,task-0294-map-1,LSTM,FAILED,0.0,0.0,285.1478,1,3,0,9.582994
2026-07-04 18:11:14,dynamic,task-0286,LSTM,FAILED,0.0,0.0,12331.6741,1,3,0,9.582994
2026-07-04 18:11:15,dynamic,task-0025,LSTM,FAILED,0.0,0.0,13290.6031,1,3,0,9.582614
2026-07-04 18:11:15,dynamic,task-0294-map-1,LSTM,FAILED,0.0,0.0,286.1565,1,3,0,9.582614
2026-07-04 18:11:15,dynamic,task-0087,RNN,FAILED,0.0,0.0,13134.0285,1,4,0,9.582614
2026-07-04 18:11:15,dynamic,task-0286,LSTM,FAILED,0.0,0.0,12332.7099,1,4,0,9.582614
2026-07-04 18:11:16,dynamic,task-0087,RNN,FAILED,0.0,0.0,13135.0115,1,4,0,9.582172
2026-07-04 18:11:16,dynamic,task-0286,LSTM,FAILED,0.0,0.0,12333.716,1,4,0,9.582172
2026-07-04 18:11:16,dynamic,task-0294-map-1,LSTM,FAILED,0.0,0.0,287.2159,1,4,0,9.582172
2026-07-04 18:11:16,dynamic,task-0025,LSTM,FAILED,0.0,0.0,13291.6392,1,4,0,9.582172
2026-07-04 18:11:16,dynamic,task-0140-map-1,RNN,FAILED,0.0,0.0,12903.8417,1,4,0,9.582172
2026-07-04 18:11:17,dynamic,task-0025,LSTM,FAILED,0.0,0.0,13292.587,1,4,0,9.581731
2026-07-04 18:11:17,dynamic,task-0140-map-1,RNN,FAILED,0.0,0.0,12904.7875,1,4,0,9.581731
2026-07-04 18:11:17,dynamic,task-0087,RNN,FAILED,0.0,0.0,13136.0107,1,4,0,9.581731
2026-07-04 18:11:17,dynamic,task-0286,LSTM,FAILED,0.0,0.0,12334.698,1,4,0,9.581731
2026-07-04 18:11:17,dynamic,task-0294-map-1,LSTM,FAILED,0.0,0.0,288.1851,1,4,0,9.581731
2026-07-04 18:11:18,dynamic,task-0087,RNN,FAILED,0.0,0.0,13137.0362,1,4,0,9.581289
2026-07-04 18:11:18,dynamic,task-0025,LSTM,FAILED,0.0,0.0,13293.6072,1,4,0,9.581289
2026-07-04 18:11:18,dynamic,task-0140-map-1,RNN,FAILED,0.0,0.0,12905.8167,1,4,0,9.581289
2026-07-04 18:11:18,dynamic,task-0294-map-1,LSTM,FAILED,0.0,0.0,289.2063,1,4,0,9.581289
2026-07-04 18:11:18,dynamic,task-0286,LSTM,FAILED,0.0,0.0,12335.7359,1,4,0,9.581289
2026-07-04 18:11:19,dynamic,task-0140-map-1,RNN,FAILED,0.0,0.0,12906.7916,1,4,0,9.580847
2026-07-04 18:11:19,dynamic,task-0025,LSTM,FAILED,0.0,0.0,13294.6164,1,4,0,9.580847
2026-07-04 18:11:19,dynamic,task-0087,RNN,FAILED,0.0,0.0,13138.0457,1,4,0,9.580847
2026-07-04 18:11:19,dynamic,task-0294-map-1,LSTM,FAILED,0.0,0.0,290.1903,1,4,0,9.580847
2026-07-04 18:11:19,dynamic,task-0286,LSTM,FAILED,0.0,0.0,12336.7243,1,4,0,9.580847
2026-07-04 18:11:20,dynamic,task-0087,RNN,FAILED,0.0,0.0,13139.0559,1,4,0,9.580406
2026-07-04 18:11:20,dynamic,task-0294-map-1,LSTM,FAILED,0.0,0.0,291.189,1,4,0,9.580406
2026-07-04 18:11:20,dynamic,task-0140-map-1,RNN,FAILED,0.0,0.0,12907.8323,1,4,0,9.580406
2026-07-04 18:11:20,dynamic,task-0025,LSTM,FAILED,0.0,0.0,13295.6322,1,4,0,9.580406
2026-07-04 18:11:20,dynamic,task-0286,LSTM,FAILED,0.0,0.0,12337.7421,1,4,0,9.580406
2026-07-04 18:11:21,dynamic,task-0025,LSTM,FAILED,0.0,0.0,13296.6551,1,4,0,9.579964
2026-07-04 18:11:21,dynamic,task-0286,LSTM,FAILED,0.0,0.0,12338.7237,1,4,0,9.579964
2026-07-04 18:11:21,dynamic,task-0087,RNN,FAILED,0.0,0.0,13140.0896,1,4,0,9.579964
2026-07-04 18:11:21,dynamic,task-0140-map-1,RNN,FAILED,0.0,0.0,12908.8499,1,4,0,9.579964
2026-07-04 18:11:21,dynamic,task-0294-map-1,LSTM,FAILED,0.0,0.0,292.2509,1,4,0,9.579964
2026-07-04 18:11:22,dynamic,task-0286,LSTM,FAILED,0.0,0.0,12339.7331,1,4,0,9.579522
2026-07-04 18:11:22,dynamic,task-0294-map-1,LSTM,FAILED,0.0,0.0,293.2271,1,4,0,9.579522
2026-07-04 18:11:22,dynamic,task-0087,RNN,FAILED,0.0,0.0,13141.0856,1,4,0,9.579522
2026-07-04 18:11:22,dynamic,task-0140-map-1,RNN,FAILED,0.0,0.0,12909.8694,1,4,0,9.579522
2026-07-04 18:11:22,dynamic,task-0025,LSTM,FAILED,0.0,0.0,13297.697,1,4,0,9.579522
2026-07-04 18:11:23,dynamic,task-0025,LSTM,FAILED,0.0,0.0,13298.6536,1,4,0,9.579081
2026-07-04 18:11:23,dynamic,task-0294-map-1,LSTM,FAILED,0.0,0.0,294.2321,1,4,0,9.579081
2026-07-04 18:11:23,dynamic,task-0087,RNN,FAILED,0.0,0.0,13142.0892,1,4,0,9.579081
2026-07-04 18:11:23,dynamic,task-0140-map-1,RNN,FAILED,0.0,0.0,12910.8644,1,4,0,9.579081
2026-07-04 18:11:23,dynamic,task-0286,LSTM,FAILED,0.0,0.0,12340.7729,1,4,0,9.579081
2026-07-04 18:11:24,dynamic,task-0140-map-1,RNN,FAILED,0.0,0.0,12911.8409,1,4,0,9.578639
2026-07-04 18:11:24,dynamic,task-0286,LSTM,FAILED,0.0,0.0,12341.757,1,4,0,9.578639
2026-07-04 18:11:24,dynamic,task-0087,RNN,FAILED,0.0,0.0,13143.1013,1,4,0,9.578639
2026-07-04 18:11:24,dynamic,task-0294-map-1,LSTM,FAILED,0.0,0.0,295.2454,1,4,0,9.578639
2026-07-04 18:11:24,dynamic,task-0025,LSTM,FAILED,0.0,0.0,13299.6959,1,4,0,9.578639
2026-07-04 18:11:25,dynamic,task-0294-map-1,LSTM,FAILED,0.0,0.0,296.2326,1,4,0,9.578197
2026-07-04 18:11:25,dynamic,task-0087,RNN,FAILED,0.0,0.0,13144.0905,1,4,0,9.578197
2026-07-04 18:11:25,dynamic,task-0025,LSTM,FAILED,0.0,0.0,13300.6845,1,4,0,9.578197
2026-07-04 18:11:25,dynamic,task-0286,LSTM,FAILED,0.0,0.0,12342.779,1,4,0,9.578197
2026-07-04 18:11:25,dynamic,task-0140-map-1,RNN,FAILED,0.0,0.0,12912.8847,1,4,0,9.578197
2026-07-04 18:11:26,dynamic,task-0286,LSTM,FAILED,0.0,0.0,12343.7805,1,4,0,9.577756
2026-07-04 18:11:26,dynamic,task-0140-map-1,RNN,FAILED,0.0,0.0,12913.9182,1,4,0,9.577756
2026-07-04 18:11:26,dynamic,task-0087,RNN,FAILED,0.0,0.0,13145.1801,1,4,0,9.577756
2026-07-04 18:11:26,dynamic,task-0294-map-1,LSTM,FAILED,0.0,0.0,297.312,1,4,0,9.577756
2026-07-04 18:11:26,dynamic,task-0025,LSTM,FAILED,0.0,0.0,13301.7754,1,4,0,9.577756
2026-07-04 18:11:27,dynamic,task-0087,RNN,FAILED,0.0,0.0,13146.0902,1,4,0,9.577314
2026-07-04 18:11:27,dynamic,task-0294-map-1,LSTM,FAILED,0.0,0.0,298.2539,1,4,0,9.577314
2026-07-04 18:11:27,dynamic,task-0140-map-1,RNN,FAILED,0.0,0.0,12914.8902,1,4,0,9.577314
2026-07-04 18:11:27,dynamic,task-0025,LSTM,FAILED,0.0,0.0,13302.6985,1,4,0,9.577314
2026-07-04 18:11:27,dynamic,task-0286,LSTM,FAILED,0.0,0.0,12344.806,1,4,0,9.577314
2026-07-04 18:11:28,dynamic,task-0286,LSTM,FAILED,0.0,0.0,12345.7822,1,4,0,9.576872
2026-07-04 18:11:28,dynamic,task-0140-map-1,RNN,FAILED,0.0,0.0,12915.8897,1,4,0,9.576872
2026-07-04 18:11:28,dynamic,task-0294-map-1,LSTM,FAILED,0.0,0.0,299.2919,1,4,0,9.576872
2026-07-04 18:11:28,dynamic,task-0087,RNN,FAILED,0.0,0.0,13147.1295,1,4,0,9.576872
2026-07-04 18:11:28,dynamic,task-0025,LSTM,FAILED,0.0,0.0,13303.734,1,4,0,9.576872
2026-07-04 18:11:29,dynamic,task-0294-map-1,LSTM,FAILED,0.0,0.0,300.3022,1,4,0,9.576431
2026-07-04 18:11:29,dynamic,task-0087,RNN,FAILED,0.0,0.0,13148.1427,1,4,0,9.576431
2026-07-04 18:11:29,dynamic,task-0025,LSTM,FAILED,0.0,0.0,13304.7089,1,4,0,9.576431
2026-07-04 18:11:29,dynamic,task-0140-map-1,RNN,FAILED,0.0,0.0,12916.9288,1,4,0,9.576431
2026-07-04 18:11:29,dynamic,task-0286,LSTM,FAILED,0.0,0.0,12346.839,1,4,0,9.576431
2026-07-04 18:11:30,dynamic,task-0294-map-1,LSTM,FAILED,0.0,0.0,301.2862,1,4,0,9.575989
2026-07-04 18:11:30,dynamic,task-0087,RNN,FAILED,0.0,0.0,13149.1422,1,4,0,9.575989
2026-07-04 18:11:30,dynamic,task-0140-map-1,RNN,FAILED,0.0,0.0,12917.8935,1,4,0,9.575989
2026-07-04 18:11:30,dynamic,task-0286,LSTM,FAILED,0.0,0.0,12347.8229,1,4,0,9.575989
2026-07-04 18:11:30,dynamic,task-0025,LSTM,FAILED,0.0,0.0,13305.7449,1,4,0,9.575989
2026-07-04 18:11:31,dynamic,task-0025,LSTM,FAILED,0.0,0.0,13306.7399,1,4,0,9.575547
2026-07-04 18:11:31,dynamic,task-0294-map-1,LSTM,FAILED,0.0,0.0,302.2941,1,4,0,9.575547
2026-07-04 18:11:31,dynamic,task-0140-map-1,RNN,FAILED,0.0,0.0,12918.9401,1,4,0,9.575547
2026-07-04 18:11:31,dynamic,task-0087,RNN,FAILED,0.0,0.0,13150.1635,1,4,0,9.575547
2026-07-04 18:11:31,dynamic,task-0286,LSTM,FAILED,0.0,0.0,12348.8507,1,4,0,9.575547
2026-07-04 18:11:34,dynamic,task-0286,LSTM,FAILED,0.0,0.0,12351.8964,1,4,0,9.575106
2026-07-04 18:11:34,dynamic,task-0087,RNN,FAILED,0.0,0.0,13153.2616,1,4,0,9.575106
2026-07-04 18:11:34,dynamic,task-0140-map-1,RNN,FAILED,0.0,0.0,12922.0407,1,4,0,9.575106
2026-07-04 18:11:34,dynamic,task-0025,LSTM,FAILED,0.0,0.0,13309.8756,1,4,0,9.575106
2026-07-04 18:11:34,dynamic,task-0294-map-1,LSTM,FAILED,0.0,0.0,305.4559,1,4,0,9.575106
2026-07-04 18:11:35,dynamic,task-0286,LSTM,FAILED,0.0,0.0,12352.9003,1,4,0,9.574664
2026-07-04 18:11:35,dynamic,task-0294-map-1,LSTM,FAILED,0.0,0.0,306.3743,1,4,0,9.574664
2026-07-04 18:11:35,dynamic,task-0025,LSTM,FAILED,0.0,0.0,13310.8008,1,4,0,9.574664
2026-07-04 18:11:35,dynamic,task-0087,RNN,FAILED,0.0,0.0,13154.2404,1,4,0,9.574664
2026-07-04 18:11:35,dynamic,task-0140-map-1,RNN,FAILED,0.0,0.0,12923.0043,1,4,0,9.574664
2026-07-04 18:11:36,dynamic,task-0087,RNN,FAILED,0.0,0.0,13155.2295,1,4,0,9.574222
2026-07-04 18:11:36,dynamic,task-0286,LSTM,FAILED,0.0,0.0,12353.9163,1,4,0,9.574222
2026-07-04 18:11:36,dynamic,task-0025,LSTM,FAILED,0.0,0.0,13311.8219,1,4,0,9.574222
2026-07-04 18:11:36,dynamic,task-0140-map-1,RNN,FAILED,0.0,0.0,12924.0203,1,4,0,9.574222
2026-07-04 18:11:36,dynamic,task-0294-map-1,LSTM,FAILED,0.0,0.0,307.4089,1,4,0,9.574222
2026-07-04 18:11:37,dynamic,task-0140-map-1,RNN,FAILED,0.0,0.0,12924.9981,1,4,0,9.573781
2026-07-04 18:11:37,dynamic,task-0087,RNN,FAILED,0.0,0.0,13156.2498,1,4,0,9.573781
2026-07-04 18:11:37,dynamic,task-0025,LSTM,FAILED,0.0,0.0,13312.8475,1,4,0,9.573781
2026-07-04 18:11:37,dynamic,task-0286,LSTM,FAILED,0.0,0.0,12354.9131,1,4,0,9.573781
2026-07-04 18:11:37,dynamic,task-0294-map-1,LSTM,FAILED,0.0,0.0,308.4076,1,4,0,9.573781
2026-07-04 18:11:38,dynamic,task-0286,LSTM,FAILED,0.0,0.0,12355.9173,1,4,0,9.573339
2026-07-04 18:11:38,dynamic,task-0140-map-1,RNN,FAILED,0.0,0.0,12926.0318,1,4,0,9.573339
2026-07-04 18:11:38,dynamic,task-0025,LSTM,FAILED,0.0,0.0,13313.8635,1,4,0,9.573339
2026-07-04 18:11:38,dynamic,task-0294-map-1,LSTM,FAILED,0.0,0.0,309.4211,1,4,0,9.573339
2026-07-04 18:11:38,dynamic,task-0087,RNN,FAILED,0.0,0.0,13157.2555,1,4,0,9.573339
2026-07-04 18:11:39,dynamic,task-0294-map-1,LSTM,FAILED,0.0,0.0,310.4074,1,4,0,9.572897
2026-07-04 18:11:39,dynamic,task-0025,LSTM,FAILED,0.0,0.0,13314.8534,1,4,0,9.572897
2026-07-04 18:11:39,dynamic,task-0286,LSTM,FAILED,0.0,0.0,12356.9483,1,4,0,9.572897
2026-07-04 18:11:39,dynamic,task-0140-map-1,RNN,FAILED,0.0,0.0,12927.0546,1,4,0,9.572897
2026-07-04 18:11:39,dynamic,task-0087,RNN,FAILED,0.0,0.0,13158.3029,1,4,0,9.572897
2026-07-04 18:11:40,dynamic,task-0087,RNN,FAILED,0.0,0.0,13159.3496,1,4,0,9.572456
2026-07-04 18:11:40,dynamic,task-0025,LSTM,FAILED,0.0,0.0,13315.9215,1,4,0,9.572456
2026-07-04 18:11:40,dynamic,task-0294-map-1,LSTM,FAILED,0.0,0.0,311.4742,1,4,0,9.572456
2026-07-04 18:11:40,dynamic,task-0140-map-1,RNN,FAILED,0.0,0.0,12928.1292,1,4,0,9.572456
2026-07-04 18:11:40,dynamic,task-0286,LSTM,FAILED,0.0,0.0,12358.0423,1,4,0,9.572456
2026-07-04 18:11:41,dynamic,task-0294-map-1,LSTM,FAILED,0.0,0.0,312.4565,1,4,0,9.572014
2026-07-04 18:11:41,dynamic,task-0286,LSTM,FAILED,0.0,0.0,12358.9932,1,4,0,9.572014
2026-07-04 18:11:41,dynamic,task-0087,RNN,FAILED,0.0,0.0,13160.3514,1,4,0,9.572014
2026-07-04 18:11:41,dynamic,task-0025,LSTM,FAILED,0.0,0.0,13316.9177,1,4,0,9.572014
2026-07-04 18:11:41,dynamic,task-0140-map-1,RNN,FAILED,0.0,0.0,12929.1119,1,4,0,9.572014
2026-07-04 18:11:42,dynamic,task-0286,LSTM,FAILED,0.0,0.0,12359.9466,1,4,0,9.571572
2026-07-04 18:11:42,dynamic,task-0087,RNN,FAILED,0.0,0.0,13161.2684,1,4,0,9.571572
2026-07-04 18:11:42,dynamic,task-0140-map-1,RNN,FAILED,0.0,0.0,12930.0616,1,4,0,9.571572
2026-07-04 18:11:42,dynamic,task-0294-map-1,LSTM,FAILED,0.0,0.0,313.452,1,4,0,9.571572
2026-07-04 18:11:42,dynamic,task-0025,LSTM,FAILED,0.0,0.0,13317.87,1,4,0,9.571572
2026-07-04 18:11:43,dynamic,task-0140-map-1,RNN,FAILED,0.0,0.0,12931.0771,1,4,0,9.571131
2026-07-04 18:11:43,dynamic,task-0087,RNN,FAILED,0.0,0.0,13162.2935,1,4,0,9.571131
2026-07-04 18:11:43,dynamic,task-0286,LSTM,FAILED,0.0,0.0,12360.9717,1,4,0,9.571131
2026-07-04 18:11:43,dynamic,task-0025,LSTM,FAILED,0.0,0.0,13318.9002,1,4,0,9.571131
2026-07-04 18:11:43,dynamic,task-0294-map-1,LSTM,FAILED,0.0,0.0,314.4756,1,4,0,9.571131
2026-07-04 18:11:44,dynamic,task-0025,LSTM,FAILED,0.0,0.0,13319.9247,1,4,0,9.570689
2026-07-04 18:11:44,dynamic,task-0286,LSTM,FAILED,0.0,0.0,12362.0021,1,4,0,9.570689
2026-07-04 18:11:44,dynamic,task-0294-map-1,LSTM,FAILED,0.0,0.0,315.4662,1,4,0,9.570689
2026-07-04 18:11:44,dynamic,task-0087,RNN,FAILED,0.0,0.0,13163.3223,1,4,0,9.570689
2026-07-04 18:11:44,dynamic,task-0140-map-1,RNN,FAILED,0.0,0.0,12932.0756,1,4,0,9.570689
2026-07-04 18:11:45,dynamic,task-0087,RNN,FAILED,0.0,0.0,13164.3089,1,4,0,9.570247
2026-07-04 18:11:45,dynamic,task-0025,LSTM,FAILED,0.0,0.0,13320.9138,1,4,0,9.570247
2026-07-04 18:11:45,dynamic,task-0286,LSTM,FAILED,0.0,0.0,12363.0081,1,4,0,9.570247
2026-07-04 18:11:45,dynamic,task-0294-map-1,LSTM,FAILED,0.0,0.0,316.4719,1,4,0,9.570247
2026-07-04 18:11:45,dynamic,task-0140-map-1,RNN,FAILED,0.0,0.0,12933.1166,1,4,0,9.570247
2026-07-04 18:11:46,dynamic,task-0140-map-1,RNN,FAILED,0.0,0.0,12934.0733,1,4,0,9.569806
2026-07-04 18:11:46,dynamic,task-0025,LSTM,FAILED,0.0,0.0,13321.9058,1,4,0,9.569806
2026-07-04 18:11:46,dynamic,task-0087,RNN,FAILED,0.0,0.0,13165.3346,1,4,0,9.569806
2026-07-04 18:11:46,dynamic,task-0286,LSTM,FAILED,0.0,0.0,12363.9993,1,4,0,9.569806
2026-07-04 18:11:46,dynamic,task-0294-map-1,LSTM,FAILED,0.0,0.0,317.4626,1,4,0,9.569806
2026-07-04 18:11:47,dynamic,task-0087,RNN,FAILED,0.0,0.0,13166.327,1,4,0,9.569364
2026-07-04 18:11:47,dynamic,task-0025,LSTM,FAILED,0.0,0.0,13322.9048,1,4,0,9.569364
2026-07-04 18:11:47,dynamic,task-0294-map-1,LSTM,FAILED,0.0,0.0,318.4642,1,4,0,9.569364
2026-07-04 18:11:47,dynamic,task-0286,LSTM,FAILED,0.0,0.0,12365.0047,1,4,0,9.569364
2026-07-04 18:11:47,dynamic,task-0140-map-1,RNN,FAILED,0.0,0.0,12935.1094,1,4,0,9.569364
2026-07-04 18:11:48,dynamic,task-0294-map-1,LSTM,FAILED,0.0,0.0,319.507,1,4,0,9.568922
2026-07-04 18:11:48,dynamic,task-0286,LSTM,FAILED,0.0,0.0,12366.0452,1,4,0,9.568922
2026-07-04 18:11:48,dynamic,task-0087,RNN,FAILED,0.0,0.0,13167.3653,1,4,0,9.568922
2026-07-04 18:11:48,dynamic,task-0140-map-1,RNN,FAILED,0.0,0.0,12936.1597,1,4,0,9.568922
2026-07-04 18:11:48,dynamic,task-0025,LSTM,FAILED,0.0,0.0,13323.9667,1,4,0,9.568922
2026-07-04 18:11:49,dynamic,task-0294-map-1,LSTM,FAILED,0.0,0.0,320.5202,1,4,0,9.568481
2026-07-04 18:11:49,dynamic,task-0140-map-1,RNN,FAILED,0.0,0.0,12937.1311,1,4,0,9.568481
2026-07-04 18:11:49,dynamic,task-0087,RNN,FAILED,0.0,0.0,13168.3766,1,4,0,9.568481
2026-07-04 18:11:49,dynamic,task-0025,LSTM,FAILED,0.0,0.0,13324.9372,1,4,0,9.568481
2026-07-04 18:11:49,dynamic,task-0286,LSTM,FAILED,0.0,0.0,12367.0556,1,4,0,9.568481
2026-07-04 18:11:50,dynamic,task-0286,LSTM,FAILED,0.0,0.0,12368.0456,1,4,0,9.568039
2026-07-04 18:11:50,dynamic,task-0140-map-1,RNN,FAILED,0.0,0.0,12938.1243,1,4,0,9.568039
2026-07-04 18:11:50,dynamic,task-0294-map-1,LSTM,FAILED,0.0,0.0,321.5168,1,4,0,9.568039
2026-07-04 18:11:50,dynamic,task-0025,LSTM,FAILED,0.0,0.0,13325.9674,1,4,0,9.568039
2026-07-04 18:11:50,dynamic,task-0087,RNN,FAILED,0.0,0.0,13169.3895,1,4,0,9.568039
2026-07-04 18:11:51,dynamic,task-0087,RNN,FAILED,0.0,0.0,13170.3815,1,4,0,9.567597
2026-07-04 18:11:51,dynamic,task-0294-map-1,LSTM,FAILED,0.0,0.0,322.5236,1,4,0,9.567597
2026-07-04 18:11:51,dynamic,task-0025,LSTM,FAILED,0.0,0.0,13326.9769,1,4,0,9.567597
2026-07-04 18:11:51,dynamic,task-0140-map-1,RNN,FAILED,0.0,0.0,12939.1695,1,4,0,9.567597
2026-07-04 18:11:51,dynamic,task-0286,LSTM,FAILED,0.0,0.0,12369.0808,1,4,0,9.567597
2026-07-04 18:11:52,dynamic,task-0286,LSTM,FAILED,0.0,0.0,12370.0478,1,4,0,9.567156
2026-07-04 18:11:52,dynamic,task-0087,RNN,FAILED,0.0,0.0,13171.4095,1,4,0,9.567156
2026-07-04 18:11:52,dynamic,task-0140-map-1,RNN,FAILED,0.0,0.0,12940.1638,1,4,0,9.567156
2026-07-04 18:11:52,dynamic,task-0294-map-1,LSTM,FAILED,0.0,0.0,323.5375,1,4,0,9.567156
2026-07-04 18:11:52,dynamic,task-0025,LSTM,FAILED,0.0,0.0,13327.9871,1,4,0,9.567156
2026-07-04 18:11:53,dynamic,task-0025,LSTM,FAILED,0.0,0.0,13329.0193,1,4,0,9.566714
2026-07-04 18:11:53,dynamic,task-0087,RNN,FAILED,0.0,0.0,13172.4429,1,4,0,9.566714
2026-07-04 18:11:53,dynamic,task-0294-map-1,LSTM,FAILED,0.0,0.0,324.5621,1,4,0,9.566714
2026-07-04 18:11:53,dynamic,task-0140-map-1,RNN,FAILED,0.0,0.0,12941.1919,1,4,0,9.566714
2026-07-04 18:11:53,dynamic,task-0286,LSTM,FAILED,0.0,0.0,12371.1229,1,4,0,9.566714
2026-07-04 18:11:54,dynamic,task-0294-map-1,LSTM,FAILED,0.0,0.0,325.565,1,4,0,9.566272
2026-07-04 18:11:54,dynamic,task-0025,LSTM,FAILED,0.0,0.0,13330.0146,1,4,0,9.566272
2026-07-04 18:11:54,dynamic,task-0286,LSTM,FAILED,0.0,0.0,12372.1176,1,4,0,9.566272
2026-07-04 18:11:54,dynamic,task-0087,RNN,FAILED,0.0,0.0,13173.4379,1,4,0,9.566272
2026-07-04 18:11:54,dynamic,task-0140-map-1,RNN,FAILED,0.0,0.0,12942.2246,1,4,0,9.566272
2026-07-04 18:11:55,dynamic,task-0140-map-1,RNN,FAILED,0.0,0.0,12943.2043,1,4,0,9.565831
2026-07-04 18:11:55,dynamic,task-0025,LSTM,FAILED,0.0,0.0,13331.0299,1,4,0,9.565831
2026-07-04 18:11:55,dynamic,task-0286,LSTM,FAILED,0.0,0.0,12373.1266,1,4,0,9.565831
2026-07-04 18:11:55,dynamic,task-0087,RNN,FAILED,0.0,0.0,13174.4642,1,4,0,9.565831
2026-07-04 18:11:55,dynamic,task-0294-map-1,LSTM,FAILED,0.0,0.0,326.6255,1,4,0,9.565831
2026-07-04 18:11:56,dynamic,task-0286,LSTM,FAILED,0.0,0.0,12374.0982,1,4,0,9.565389
2026-07-04 18:11:56,dynamic,task-0140-map-1,RNN,FAILED,0.0,0.0,12944.2048,1,4,0,9.565389
2026-07-04 18:11:56,dynamic,task-0087,RNN,FAILED,0.0,0.0,13175.4438,1,4,0,9.565389
2026-07-04 18:11:56,dynamic,task-0294-map-1,LSTM,FAILED,0.0,0.0,327.6028,1,4,0,9.565389
2026-07-04 18:11:56,dynamic,task-0025,LSTM,FAILED,0.0,0.0,13332.0041,1,4,0,9.565389
2026-07-04 18:11:57,dynamic,task-0087,RNN,FAILED,0.0,0.0,13176.4434,1,4,0,9.564947
2026-07-04 18:11:57,dynamic,task-0025,LSTM,FAILED,0.0,0.0,13333.0057,1,4,0,9.564947
2026-07-04 18:11:57,dynamic,task-0286,LSTM,FAILED,0.0,0.0,12375.1318,1,4,0,9.564947
2026-07-04 18:11:57,dynamic,task-0294-map-1,LSTM,FAILED,0.0,0.0,328.6041,1,4,0,9.564947
2026-07-04 18:11:57,dynamic,task-0140-map-1,RNN,FAILED,0.0,0.0,12945.2393,1,4,0,9.564947
2026-07-04 18:11:58,dynamic,task-0286,LSTM,FAILED,0.0,0.0,12376.1067,1,4,0,9.564506
2026-07-04 18:11:58,dynamic,task-0025,LSTM,FAILED,0.0,0.0,13334.052,1,4,0,9.564506
2026-07-04 18:11:58,dynamic,task-0087,RNN,FAILED,0.0,0.0,13177.4772,1,4,0,9.564506
2026-07-04 18:11:58,dynamic,task-0140-map-1,RNN,FAILED,0.0,0.0,12946.2569,1,4,0,9.564506
2026-07-04 18:11:58,dynamic,task-0294-map-1,LSTM,FAILED,0.0,0.0,329.65,1,4,0,9.564506
2026-07-04 18:11:59,dynamic,task-0025,LSTM,FAILED,0.0,0.0,13335.0305,1,4,0,9.564064
2026-07-04 18:11:59,dynamic,task-0087,RNN,FAILED,0.0,0.0,13178.4658,1,4,0,9.564064
2026-07-04 18:11:59,dynamic,task-0286,LSTM,FAILED,0.0,0.0,12377.1281,1,4,0,9.564064
2026-07-04 18:11:59,dynamic,task-0294-map-1,LSTM,FAILED,0.0,0.0,330.6267,1,4,0,9.564064
2026-07-04 18:11:59,dynamic,task-0140-map-1,RNN,FAILED,0.0,0.0,12947.2526,1,4,0,9.564064
2026-07-04 18:12:00,dynamic,task-0140-map-1,RNN,FAILED,0.0,0.0,12948.2257,1,3,0,9.563683
2026-07-04 18:12:00,dynamic,task-0294-map-1,LSTM,FAILED,0.0,0.0,331.6164,1,3,0,9.563683
2026-07-04 18:12:00,dynamic,task-0087,RNN,FAILED,0.0,0.0,13179.4725,1,3,0,9.563683
2026-07-04 18:12:00,dynamic,task-0286,LSTM,FAILED,0.0,0.0,12378.1514,1,3,0,9.563683
2026-07-04 18:12:01,dynamic,task-0286,LSTM,FAILED,0.0,0.0,12379.1127,1,2,0,9.563364
2026-07-04 18:12:01,dynamic,task-0087,RNN,FAILED,0.0,0.0,13180.4488,1,2,0,9.563364
2026-07-04 18:12:01,dynamic,task-0294-map-1,LSTM,FAILED,0.0,0.0,332.6075,1,2,0,9.563364
2026-07-04 18:12:02,dynamic,task-0286,LSTM,FAILED,0.0,0.0,12380.1461,1,1,0,9.563044
2026-07-04 18:12:02,dynamic,task-0294-map-1,LSTM,FAILED,0.0,0.0,333.6105,1,1,0,9.563044
2026-07-04 18:12:02,dynamic,task-0087,RNN,FAILED,0.0,0.0,13181.4682,1,1,0,9.563044
2026-07-04 18:12:09,dynamic,task-0286,LSTM,FAILED,0.0,0.0,12387.0062,1,1,0,9.562786
2026-07-04 18:12:09,dynamic,task-0087,RNN,FAILED,0.0,0.0,13188.3296,1,1,0,9.562786
